{
  "generated_at": "2026-03-10T00:55:57.283384+00:00",
  "source": "yahoo_chart_v8",
  "count": 17,
  "signals": {
    "AAPL": {
      "ok": true,
      "source_ticker": "AAPL",
      "latest": {
        "open": 255.690002,
        "high": 261.149994,
        "low": 253.680496,
        "close": 259.880005,
        "volume": 38153594.0
      },
      "indicators": {
        "sma20": 265.65,
        "sma50": 264.038199,
        "rsi14": 44.135185,
        "macd": {
          "macd": -1.190973,
          "signal": -0.0703,
          "hist": -1.120673
        },
        "atr14": 6.368056
      },
      "samples": 251
    },
    "AVGO": {
      "ok": true,
      "source_ticker": "AVGO",
      "latest": {
        "open": 327.25,
        "high": 348.48999,
        "low": 323.610107,
        "close": 345.75,
        "volume": 40516706.0
      },
      "indicators": {
        "sma20": 330.237502,
        "sma50": 334.2482,
        "rsi14": 59.387713,
        "macd": {
          "macd": -1.131396,
          "signal": -2.990372,
          "hist": 1.858975
        },
        "atr14": 15.227143
      },
      "samples": 251
    },
    "BBAI": {
      "ok": true,
      "source_ticker": "BBAI",
      "latest": {
        "open": 4.16,
        "high": 4.265,
        "low": 3.97,
        "close": 4.2,
        "volume": 36975568.0
      },
      "indicators": {
        "sma20": 4.0995,
        "sma50": 5.0528,
        "rsi14": 46.240695,
        "macd": {
          "macd": -0.277834,
          "signal": -0.367091,
          "hist": 0.089257
        },
        "atr14": 0.354848
      },
      "samples": 251
    },
    "KTOS": {
      "ok": true,
      "source_ticker": "KTOS",
      "latest": {
        "open": 88.18,
        "high": 93.669998,
        "low": 87.200104,
        "close": 92.470001,
        "volume": 5248323.0
      },
      "indicators": {
        "sma20": 91.623,
        "sma50": 98.0286,
        "rsi14": 49.373017,
        "macd": {
          "macd": -2.648557,
          "signal": -2.565224,
          "hist": -0.083333
        },
        "atr14": 7.657001
      },
      "samples": 251
    },
    "MSFT": {
      "ok": true,
      "source_ticker": "MSFT",
      "latest": {
        "open": 404.915009,
        "high": 410.209991,
        "low": 403.5,
        "close": 409.410004,
        "volume": 30073894.0
      },
      "indicators": {
        "sma20": 401.590498,
        "sma50": 436.2046,
        "rsi14": 47.636325,
        "macd": {
          "macd": -7.453598,
          "signal": -11.635995,
          "hist": 4.182397
        },
        "atr14": 10.13883
      },
      "samples": 251
    },
    "NVDA": {
      "ok": true,
      "source_ticker": "NVDA",
      "latest": {
        "open": 176.830002,
        "high": 182.910004,
        "low": 175.559998,
        "close": 182.649994,
        "volume": 176552775.0
      },
      "indicators": {
        "sma20": 186.023499,
        "sma50": 185.8748,
        "rsi14": 47.827008,
        "macd": {
          "macd": -1.210067,
          "signal": -0.418318,
          "hist": -0.791749
        },
        "atr14": 6.451479
      },
      "samples": 251
    },
    "ONDS": {
      "ok": true,
      "source_ticker": "ONDS",
      "latest": {
        "open": 9.99,
        "high": 10.005,
        "low": 9.2,
        "close": 9.72,
        "volume": 90794343.0
      },
      "indicators": {
        "sma20": 10.1365,
        "sma50": 10.942,
        "rsi14": 45.270053,
        "macd": {
          "macd": -0.154739,
          "signal": -0.141637,
          "hist": -0.013102
        },
        "atr14": 1.168916
      },
      "samples": 251
    },
    "PLTR": {
      "ok": true,
      "source_ticker": "PLTR",
      "latest": {
        "open": 155.690002,
        "high": 158.440002,
        "low": 152.970001,
        "close": 156.429993,
        "volume": 47436735.0
      },
      "indicators": {
        "sma20": 139.788501,
        "sma50": 156.6656,
        "rsi14": 60.074302,
        "macd": {
          "macd": 0.022558,
          "signal": -3.978194,
          "hist": 4.000751
        },
        "atr14": 7.599004
      },
      "samples": 251
    },
    "RDW": {
      "ok": true,
      "source_ticker": "RDW",
      "latest": {
        "open": 8.71,
        "high": 9.68,
        "low": 8.64,
        "close": 9.65,
        "volume": 20755303.0
      },
      "indicators": {
        "sma20": 8.809,
        "sma50": 9.7696,
        "rsi14": 52.726516,
        "macd": {
          "macd": -0.16493,
          "signal": -0.264613,
          "hist": 0.099683
        },
        "atr14": 1.005716
      },
      "samples": 251
    },
    "RKLB": {
      "ok": true,
      "source_ticker": "RKLB",
      "latest": {
        "open": 69.18,
        "high": 72.125,
        "low": 67.82,
        "close": 71.480003,
        "volume": 18394680.0
      },
      "indicators": {
        "sma20": 70.971,
        "sma50": 77.318401,
        "rsi14": 48.316805,
        "macd": {
          "macd": -1.43695,
          "signal": -1.645246,
          "hist": 0.208296
        },
        "atr14": 5.832701
      },
      "samples": 251
    },
    "TSLA": {
      "ok": true,
      "source_ticker": "TSLA",
      "latest": {
        "open": 390.049988,
        "high": 401.578003,
        "low": 381.399994,
        "close": 398.679993,
        "volume": 66822812.0
      },
      "indicators": {
        "sma20": 409.556999,
        "sma50": 426.2722,
        "rsi14": 42.276789,
        "macd": {
          "macd": -7.354222,
          "signal": -7.326943,
          "hist": -0.027279
        },
        "atr14": 14.541556
      },
      "samples": 251
    },
    "TSM": {
      "ok": true,
      "source_ticker": "TSM",
      "latest": {
        "open": 335.600006,
        "high": 349.399994,
        "low": 331.920013,
        "close": 348.700012,
        "volume": 19101718.0
      },
      "indicators": {
        "sma20": 364.965002,
        "sma50": 341.809599,
        "rsi14": 46.712534,
        "macd": {
          "macd": 3.032935,
          "signal": 7.910051,
          "hist": -4.877116
        },
        "atr14": 13.967407
      },
      "samples": 251
    },
    "UUUU": {
      "ok": true,
      "source_ticker": "UUUU",
      "latest": {
        "open": 18.639999,
        "high": 20.09,
        "low": 18.3603,
        "close": 19.870001,
        "volume": 9332022.0
      },
      "indicators": {
        "sma20": 21.5205,
        "sma50": 20.8374,
        "rsi14": 45.668904,
        "macd": {
          "macd": -0.215585,
          "signal": 0.14318,
          "hist": -0.358765
        },
        "atr14": 2.125227
      },
      "samples": 251
    },
    "GOOG": {
      "ok": true,
      "source_ticker": "GOOG",
      "latest": {
        "open": 294.140015,
        "high": 306.5,
        "low": 293.98999,
        "close": 306.01001,
        "volume": 19587398.0
      },
      "indicators": {
        "sma20": 308.388998,
        "sma50": 320.002599,
        "rsi14": 43.993487,
        "macd": {
          "macd": -5.222614,
          "signal": -4.78303,
          "hist": -0.439584
        },
        "atr14": 8.55736
      },
      "samples": 251
    },
    "IBM": {
      "ok": true,
      "source_ticker": "IBM",
      "latest": {
        "open": 255.380005,
        "high": 258.079987,
        "low": 251.570999,
        "close": 253.330002,
        "volume": 6123370.0
      },
      "indicators": {
        "sma20": 254.561,
        "sma50": 281.7734,
        "rsi14": 44.435091,
        "macd": {
          "macd": -9.747064,
          "signal": -12.439823,
          "hist": 2.692759
        },
        "atr14": 10.204051
      },
      "samples": 251
    },
    "BRK.B": {
      "ok": true,
      "source_ticker": "BRK-B",
      "latest": {
        "open": 494.899994,
        "high": 498.820007,
        "low": 490.209991,
        "close": 497.200012,
        "volume": 5830567.0
      },
      "indicators": {
        "sma20": 496.469002,