{
  "generated_at": "2026-03-11T00:57:26.919521+00:00",
  "source": "yahoo_chart_v8",
  "count": 15,
  "signals": {
    "AAPL": {
      "ok": true,
      "source_ticker": "AAPL",
      "latest": {
        "open": 257.695007,
        "high": 262.480011,
        "low": 256.950012,
        "close": 260.829987,
        "volume": 26403306.0
      },
      "indicators": {
        "sma20": 264.9605,
        "sma50": 263.778599,
        "rsi14": 45.427569,
        "macd": {
          "macd": -1.304363,
          "signal": -0.317112,
          "hist": -0.98725
        },
        "atr14": 6.308228
      },
      "samples": 251
    },
    "AVGO": {
      "ok": true,
      "source_ticker": "AVGO",
      "latest": {
        "open": 348.51001,
        "high": 353.140015,
        "low": 340.799988,
        "close": 342.579987,
        "volume": 29467875.0
      },
      "indicators": {
        "sma20": 330.169501,
        "sma50": 334.0954,
        "rsi14": 57.194357,
        "macd": {
          "macd": 0.04238,
          "signal": -2.383821,
          "hist": 2.426202
        },
        "atr14": 15.020928
      },
      "samples": 251
    },
    "BBAI": {
      "ok": true,
      "source_ticker": "BBAI",
      "latest": {
        "open": 4.26,
        "high": 4.28,
        "low": 4.01,
        "close": 4.07,
        "volume": 28933284.0
      },
      "indicators": {
        "sma20": 4.0595,
        "sma50": 5.0136,
        "rsi14": 43.971443,
        "macd": {
          "macd": -0.258757,
          "signal": -0.345424,
          "hist": 0.086667
        },
        "atr14": 0.348788
      },
      "samples": 251
    },
    "KTOS": {
      "ok": true,
      "source_ticker": "KTOS",
      "latest": {
        "open": 91.440002,
        "high": 92.279999,
        "low": 88.639999,
        "close": 88.959999,
        "volume": 3257410.0
      },
      "indicators": {
        "sma20": 91.1305,
        "sma50": 98.2084,
        "rsi14": 46.344632,
        "macd": {
          "macd": -2.566335,
          "signal": -2.565447,
          "hist": -0.000889
        },
        "atr14": 7.383644
      },
      "samples": 251
    },
    "NVDA": {
      "ok": true,
      "source_ticker": "NVDA",
      "latest": {
        "open": 182.399994,
        "high": 186.440002,
        "low": 182.010101,
        "close": 184.770004,
        "volume": 178278679.0
      },
      "indicators": {
        "sma20": 185.76,
        "sma50": 185.798,
        "rsi14": 50.045794,
        "macd": {
          "macd": -1.017483,
          "signal": -0.538151,
          "hist": -0.479332
        },
        "atr14": 6.30708
      },
      "samples": 251
    },
    "ONDS": {
      "ok": true,
      "source_ticker": "ONDS",
      "latest": {
        "open": 9.82,
        "high": 10.45,
        "low": 9.575,
        "close": 10.01,
        "volume": 87513222.0
      },
      "indicators": {
        "sma20": 10.12,
        "sma50": 10.9596,
        "rsi14": 47.563802,
        "macd": {
          "macd": -0.157373,
          "signal": -0.144784,
          "hist": -0.012589
        },
        "atr14": 1.14958
      },
      "samples": 251
    },
    "PLTR": {
      "ok": true,
      "source_ticker": "PLTR",
      "latest": {
        "open": 155.979996,
        "high": 156.657104,
        "low": 150.139999,
        "close": 151.139999,
        "volume": 45445125.0
      },
      "indicators": {
        "sma20": 140.200001,
        "sma50": 155.805,
        "rsi14": 53.978253,
        "macd": {
          "macd": 0.369269,
          "signal": -3.108701,
          "hist": 3.47797
        },
        "atr14": 7.521725
      },
      "samples": 251
    },
    "RDW": {
      "ok": true,
      "source_ticker": "RDW",
      "latest": {
        "open": 9.5,
        "high": 9.7,
        "low": 9.16,
        "close": 9.23,
        "volume": 11423845.0
      },
      "indicators": {
        "sma20": 8.766,
        "sma50": 9.7978,
        "rsi14": 49.934218,
        "macd": {
          "macd": -0.139787,
          "signal": -0.239648,
          "hist": 0.099861
        },
        "atr14": 0.972451
      },
      "samples": 251
    },
    "RKLB": {
      "ok": true,
      "source_ticker": "RKLB",
      "latest": {
        "open": 70.339996,
        "high": 72.934998,
        "low": 68.621399,
        "close": 68.93,
        "volume": 18136328.0
      },
      "indicators": {
        "sma20": 70.6255,
        "sma50": 77.153401,
        "rsi14": 44.8183,
        "macd": {
          "macd": -1.502365,
          "signal": -1.61667,
          "hist": 0.114305
        },
        "atr14": 5.724194
      },
      "samples": 251
    },
    "TSLA": {
      "ok": true,
      "source_ticker": "TSLA",
      "latest": {
        "open": 402.054993,
        "high": 406.579987,
        "low": 398.190002,
        "close": 399.234985,
        "volume": 59079142.0
      },
      "indicators": {
        "sma20": 408.652748,
        "sma50": 424.5489,
        "rsi14": 42.64187,
        "macd": {
          "macd": -7.214103,
          "signal": -7.304375,
          "hist": 0.090272
        },
        "atr14": 14.102954
      },
      "samples": 251
    },
    "TSM": {
      "ok": true,
      "source_ticker": "TSM",
      "latest": {
        "open": 348.470001,
        "high": 353.5,
        "low": 344.309998,
        "close": 347.089996,
        "volume": 12933625.0
      },
      "indicators": {
        "sma20": 364.549002,
        "sma50": 342.775399,
        "rsi14": 45.92095,
        "macd": {
          "macd": 1.910217,
          "signal": 6.710084,
          "hist": -4.799867
        },
        "atr14": 13.626163
      },
      "samples": 251
    },
    "UUUU": {
      "ok": true,
      "source_ticker": "UUUU",
      "latest": {
        "open": 20.25,
        "high": 21.33,
        "low": 20.1,
        "close": 20.309999,
        "volume": 9863693.0
      },
      "indicators": {
        "sma20": 21.381,
        "sma50": 20.9416,
        "rsi14": 47.124796,
        "macd": {
          "macd": -0.258931,
          "signal": 0.062758,
          "hist": -0.321689
        },
        "atr14": 2.077731
      },
      "samples": 251
    },
    "GOOG": {
      "ok": true,
      "source_ticker": "GOOG",
      "latest": {
        "open": 305.875,
        "high": 309.149994,
        "low": 305.309998,
        "close": 306.929993,
        "volume": 14340138.0
      },
      "indicators": {
        "sma20": 307.515498,
        "sma50": 319.827799,
        "rsi14": 45.042085,
        "macd": {
          "macd": -4.78905,
          "signal": -4.784234,
          "hist": -0.004816
        },
        "atr14": 8.224385
      },
      "samples": 251
    },
    "LITE": {
      "ok": true,
      "source_ticker": "LITE",
      "latest": {
        "open": 675.0,
        "high": 715.72998,
        "low": 669.0,
        "close": 672.0,
        "volume": 7082242.0
      },
      "indicators": {
        "sma20": 646.213,
        "sma50": 491.857,
        "rsi14": 57.347396,
        "macd": {
          "macd": 48.622672,
          "signal": 62.923484,
          "hist": -14.300812
        },
        "atr14": 63.462146
      },
      "samples": 251
    },
    "COHR": {
      "ok": true,
      "source_ticker": "COHR",
      "latest": {
        "open": 259.0,
        "high": 272.470001,
        "low": 258.179993,
        "close": 260.640015,
        "volume": 7847351.0
      },
      "indicators": {
        "sma20": 247.387499,
        "sma50": 219.2268,
        "rsi14": 55.889662,
        "macd": {
          "macd": 12.333657,
          "signal": 14.337183,
          "hist": -2.003527
        },
        "atr14": 22.106307
      },
      "samples": 251
    }
  }
}
