{
  "generated_at": "2026-03-20T06:18:58.124263+00:00",
  "source": "yahoo_chart_v8",
  "count": 15,
  "signals": {
    "AAPL": {
      "ok": true,
      "source_ticker": "AAPL",
      "latest": {
        "open": 249.399994,
        "high": 251.830002,
        "low": 247.300003,
        "close": 248.960007,
        "volume": 34568663.0
      },
      "indicators": {
        "sma20": 260.8175,
        "sma50": 261.376799,
        "rsi14": 35.777593,
        "macd": {
          "macd": -3.89021,
          "signal": -2.516365,
          "hist": -1.373845
        },
        "atr14": 5.690325
      },
      "samples": 251
    },
    "AVGO": {
      "ok": true,
      "source_ticker": "AVGO",
      "latest": {
        "open": 312.73999,
        "high": 323.269989,
        "low": 308.51001,
        "close": 319.839996,
        "volume": 23203803.0
      },
      "indicators": {
        "sma20": 327.275499,
        "sma50": 331.083799,
        "rsi14": 44.121307,
        "macd": {
          "macd": -2.491205,
          "signal": -1.385615,
          "hist": -1.10559
        },
        "atr14": 13.508458
      },
      "samples": 251
    },
    "BBAI": {
      "ok": true,
      "source_ticker": "BBAI",
      "latest": {
        "open": 3.71,
        "high": 3.83,
        "low": 3.62,
        "close": 3.73,
        "volume": 24390987.0
      },
      "indicators": {
        "sma20": 3.9675,
        "sma50": 4.756,
        "rsi14": 37.747548,
        "macd": {
          "macd": -0.211486,
          "signal": -0.23985,
          "hist": 0.028364
        },
        "atr14": 0.290456
      },
      "samples": 251
    },
    "KTOS": {
      "ok": true,
      "source_ticker": "KTOS",
      "latest": {
        "open": 90.300003,
        "high": 94.489998,
        "low": 87.639999,
        "close": 92.779999,
        "volume": 2343252.0
      },
      "indicators": {
        "sma20": 90.348,
        "sma50": 99.5756,
        "rsi14": 50.712572,
        "macd": {
          "macd": -0.982706,
          "signal": -1.82825,
          "hist": 0.845544
        },
        "atr14": 6.54717
      },
      "samples": 251
    },
    "NVDA": {
      "ok": true,
      "source_ticker": "NVDA",
      "latest": {
        "open": 178.009995,
        "high": 179.979996,
        "low": 175.785004,
        "close": 178.559998,
        "volume": 168466737.0
      },
      "indicators": {
        "sma20": 183.977,
        "sma50": 184.9286,
        "rsi14": 43.590636,
        "macd": {
          "macd": -1.370618,
          "signal": -0.961036,
          "hist": -0.409582
        },
        "atr14": 5.691757
      },
      "samples": 251
    },
    "ONDS": {
      "ok": true,
      "source_ticker": "ONDS",
      "latest": {
        "open": 10.685,
        "high": 10.98,
        "low": 10.12,
        "close": 10.75,
        "volume": 68378750.0
      },
      "indicators": {
        "sma20": 10.3205,
        "sma50": 10.9922,
        "rsi14": 52.829021,
        "macd": {
          "macd": 0.061151,
          "signal": -0.049543,
          "hist": 0.110694
        },
        "atr14": 1.068495
      },
      "samples": 251
    },
    "PLTR": {
      "ok": true,
      "source_ticker": "PLTR",
      "latest": {
        "open": 153.059998,
        "high": 156.149994,
        "low": 150.5,
        "close": 155.679993,
        "volume": 33742321.0
      },
      "indicators": {
        "sma20": 146.864001,
        "sma50": 152.1892,
        "rsi14": 57.431068,
        "macd": {
          "macd": 1.963099,
          "signal": 0.560983,
          "hist": 1.402116
        },
        "atr14": 6.338124
      },
      "samples": 251
    },
    "RDW": {
      "ok": true,
      "source_ticker": "RDW",
      "latest": {
        "open": 9.36,
        "high": 9.895,
        "low": 9.02,
        "close": 9.63,
        "volume": 12926325.0
      },
      "indicators": {
        "sma20": 9.17,
        "sma50": 9.953,
        "rsi14": 52.013779,
        "macd": {
          "macd": 0.075238,
          "signal": -0.029627,
          "hist": 0.104865
        },
        "atr14": 0.882587
      },
      "samples": 251
    },
    "RKLB": {
      "ok": true,
      "source_ticker": "RKLB",
      "latest": {
        "open": 68.830002,
        "high": 72.730003,
        "low": 68.0,
        "close": 71.93,
        "volume": 28419122.0
      },
      "indicators": {
        "sma20": 70.8285,
        "sma50": 76.731601,
        "rsi14": 49.900885,
        "macd": {
          "macd": -0.560678,
          "signal": -1.034474,
          "hist": 0.473796
        },
        "atr14": 5.683717
      },
      "samples": 251
    },
    "TSLA": {
      "ok": true,
      "source_ticker": "TSLA",
      "latest": {
        "open": 387.204987,
        "high": 387.204987,
        "low": 378.730011,
        "close": 380.299988,
        "volume": 66549732.0
      },
      "indicators": {
        "sma20": 400.667499,
        "sma50": 416.554199,
        "rsi14": 36.430304,
        "macd": {
          "macd": -7.594742,
          "signal": -6.991402,
          "hist": -0.603341
        },
        "atr14": 13.246291
      },
      "samples": 251
    },
    "TSM": {
      "ok": true,
      "source_ticker": "TSM",
      "latest": {
        "open": 329.220001,
        "high": 339.890015,
        "low": 325.190002,
        "close": 338.790009,
        "volume": 15248889.0
      },
      "indicators": {
        "sma20": 356.391002,
        "sma50": 347.128,
        "rsi14": 43.644934,
        "macd": {
          "macd": -3.209,
          "signal": -0.177734,
          "hist": -3.031265
        },
        "atr14": 12.415567
      },
      "samples": 251
    },
    "UUUU": {
      "ok": true,
      "source_ticker": "UUUU",
      "latest": {
        "open": 17.83,
        "high": 18.18,
        "low": 17.07,
        "close": 17.92,
        "volume": 12628564.0
      },
      "indicators": {
        "sma20": 20.5625,
        "sma50": 21.3776,
        "rsi14": 39.972391,
        "macd": {
          "macd": -0.745377,
          "signal": -0.448754,
          "hist": -0.296623
        },
        "atr14": 1.774753
      },
      "samples": 251
    },
    "GOOG": {
      "ok": true,
      "source_ticker": "GOOG",
      "latest": {
        "open": 303.209991,
        "high": 306.679993,
        "low": 301.0,
        "close": 305.730011,
        "volume": 15343571.0
      },
      "indicators": {
        "sma20": 306.6795,
        "sma50": 318.509,
        "rsi14": 45.989304,
        "macd": {
          "macd": -2.944046,
          "signal": -3.809051,
          "hist": 0.865005
        },
        "atr14": 7.253989
      },
      "samples": 251
    },
    "LITE": {
      "ok": true,
      "source_ticker": "LITE",
      "latest": {
        "open": 678.984985,
        "high": 775.0,
        "low": 670.0,
        "close": 772.130005,
        "volume": 7513887.0
      },
      "indicators": {
        "sma20": 673.521503,
        "sma50": 532.141002,
        "rsi14": 65.424823,
        "macd": {
          "macd": 38.810331,
          "signal": 40.819567,
          "hist": -2.009236
        },
        "atr14": 67.250618
      },
      "samples": 251
    },
    "COHR": {
      "ok": true,
      "source_ticker": "COHR",
      "latest": {
        "open": 246.0,
        "high": 276.23999,
        "low": 243.880005,
        "close": 275.570007,
        "volume": 8020558.0
      },
      "indicators": {
        "sma20": 257.370999,
        "sma50": 227.916199,
        "rsi14": 60.54801,
        "macd": {
          "macd": 7.610853,
          "signal": 8.786451,
          "hist": -1.175598
        },
        "atr14": 21.299324
      },
      "samples": 251
    }
  }
}
