{
  "generated_at": "2026-03-09T15:55:58.591936+00:00",
  "source": "yahoo_chart_v8",
  "count": 17,
  "signals": {
    "AAPL": {
      "ok": true,
      "source_ticker": "AAPL",
      "latest": {
        "open": 255.690002,
        "high": 258.179993,
        "low": 253.680496,
        "close": 257.973999,
        "volume": 12369328.0
      },
      "indicators": {
        "sma20": 265.5547,
        "sma50": 264.000079,
        "rsi14": 41.556622,
        "macd": {
          "macd": -1.343019,
          "signal": -0.100709,
          "hist": -1.24231
        },
        "atr14": 6.155913
      },
      "samples": 251
    },
    "AVGO": {
      "ok": true,
      "source_ticker": "AVGO",
      "latest": {
        "open": 327.25,
        "high": 342.929993,
        "low": 323.610107,
        "close": 342.445007,
        "volume": 15518689.0
      },
      "indicators": {
        "sma20": 330.072252,
        "sma50": 334.1821,
        "rsi14": 57.821796,
        "macd": {
          "macd": -1.395043,
          "signal": -3.043101,
          "hist": 1.648058
        },
        "atr14": 14.83
      },
      "samples": 251
    },
    "BBAI": {
      "ok": true,
      "source_ticker": "BBAI",
      "latest": {
        "open": 4.16,
        "high": 4.15,
        "low": 3.97,
        "close": 4.0699,
        "volume": 17721996.0
      },
      "indicators": {
        "sma20": 4.092995,
        "sma50": 5.050198,
        "rsi14": 44.124566,
        "macd": {
          "macd": -0.288212,
          "signal": -0.369166,
          "hist": 0.080954
        },
        "atr14": 0.353777
      },
      "samples": 251
    },
    "KTOS": {
      "ok": true,
      "source_ticker": "KTOS",
      "latest": {
        "open": 88.18,
        "high": 90.82,
        "low": 87.200104,
        "close": 89.540001,
        "volume": 1934810.0
      },
      "indicators": {
        "sma20": 91.4765,
        "sma50": 97.97,
        "rsi14": 46.6719,
        "macd": {
          "macd": -2.88229,
          "signal": -2.611971,
          "hist": -0.270319
        },
        "atr14": 7.453429
      },
      "samples": 251
    },
    "MSFT": {
      "ok": true,
      "source_ticker": "MSFT",
      "latest": {
        "open": 404.915009,
        "high": 409.170013,
        "low": 403.5,
        "close": 408.230011,
        "volume": 11399709.0
      },
      "indicators": {
        "sma20": 401.531499,
        "sma50": 436.181,
        "rsi14": 46.863944,
        "macd": {
          "macd": -7.547728,
          "signal": -11.654821,
          "hist": 4.107092
        },
        "atr14": 10.064546
      },
      "samples": 251
    },
    "NVDA": {
      "ok": true,
      "source_ticker": "NVDA",
      "latest": {
        "open": 176.830002,
        "high": 180.024994,
        "low": 175.559998,
        "close": 180.0,
        "volume": 71269596.0
      },
      "indicators": {
        "sma20": 185.891,
        "sma50": 185.8218,
        "rsi14": 44.991056,
        "macd": {
          "macd": -1.421462,
          "signal": -0.460597,
          "hist": -0.960865
        },
        "atr14": 6.245407
      },
      "samples": 251
    },
    "ONDS": {
      "ok": true,
      "source_ticker": "ONDS",
      "latest": {
        "open": 9.99,
        "high": 10.005,
        "low": 9.2,
        "close": 9.435,
        "volume": 51865158.0
      },
      "indicators": {
        "sma20": 10.12225,
        "sma50": 10.9363,
        "rsi14": 43.532298,
        "macd": {
          "macd": -0.177474,
          "signal": -0.146184,
          "hist": -0.03129
        },
        "atr14": 1.168916
      },
      "samples": 251
    },
    "PLTR": {
      "ok": true,
      "source_ticker": "PLTR",
      "latest": {
        "open": 155.690002,
        "high": 158.440002,
        "low": 153.639999,
        "close": 154.595001,
        "volume": 22249921.0
      },
      "indicators": {
        "sma20": 139.696751,
        "sma50": 156.6289,
        "rsi14": 57.965699,
        "macd": {
          "macd": -0.123823,
          "signal": -4.00747,
          "hist": 3.883647
        },
        "atr14": 7.551147
      },
      "samples": 251
    },
    "RDW": {
      "ok": true,
      "source_ticker": "RDW",
      "latest": {
        "open": 8.71,
        "high": 9.37,
        "low": 8.64,
        "close": 9.165,
        "volume": 11492155.0
      },
      "indicators": {
        "sma20": 8.78475,
        "sma50": 9.7599,
        "rsi14": 49.71113,
        "macd": {
          "macd": -0.20362,
          "signal": -0.272351,
          "hist": 0.068731
        },
        "atr14": 0.983574
      },
      "samples": 251
    },
    "RKLB": {
      "ok": true,
      "source_ticker": "RKLB",
      "latest": {
        "open": 69.18,
        "high": 71.760002,
        "low": 67.82,
        "close": 68.644997,
        "volume": 7975800.0
      },
      "indicators": {
        "sma20": 70.82925,
        "sma50": 77.2617,
        "rsi14": 44.302925,
        "macd": {
          "macd": -1.663104,
          "signal": -1.690477,
          "hist": 0.027372
        },
        "atr14": 5.80663
      },
      "samples": 251
    },
    "TSLA": {
      "ok": true,
      "source_ticker": "TSLA",
      "latest": {
        "open": 390.049988,
        "high": 392.98999,
        "low": 381.399994,
        "close": 389.410004,
        "volume": 31171370.0
      },
      "indicators": {
        "sma20": 409.0935,
        "sma50": 426.0868,
        "rsi14": 38.025611,
        "macd": {
          "macd": -8.093708,
          "signal": -7.47484,
          "hist": -0.618868
        },
        "atr14": 14.195271
      },
      "samples": 251
    },
    "TSM": {
      "ok": true,
      "source_ticker": "TSM",
      "latest": {
        "open": 335.600006,
        "high": 341.179993,
        "low": 331.920013,
        "close": 340.989899,
        "volume": 10259763.0
      },
      "indicators": {
        "sma20": 364.579497,
        "sma50": 341.655397,
        "rsi14": 42.288765,
        "macd": {
          "macd": 2.417883,
          "signal": 7.78704,
          "hist": -5.369157
        },
        "atr14": 13.380264
      },
      "samples": 251
    },
    "UUUU": {
      "ok": true,
      "source_ticker": "UUUU",
      "latest": {
        "open": 18.639999,
        "high": 19.079901,
        "low": 18.3603,
        "close": 19.040001,
        "volume": 3863742.0
      },
      "indicators": {
        "sma20": 21.479,
        "sma50": 20.8208,
        "rsi14": 42.915717,
        "macd": {
          "macd": -0.281796,
          "signal": 0.129938,
          "hist": -0.411734
        },
        "atr14": 2.053077
      },
      "samples": 251
    },
    "GOOG": {
      "ok": true,
      "source_ticker": "GOOG",
      "latest": {
        "open": 294.140015,
        "high": 299.829987,
        "low": 293.98999,
        "close": 299.778595,
        "volume": 7104800.0
      },
      "indicators": {
        "sma20": 308.077428,
        "sma50": 319.877971,
        "rsi14": 36.355842,
        "macd": {
          "macd": -5.719707,
          "signal": -4.882448,
          "hist": -0.837259
        },
        "atr14": 8.08093
      },
      "samples": 251
    },
    "IBM": {
      "ok": true,
      "source_ticker": "IBM",
      "latest": {
        "open": 255.380005,
        "high": 258.079987,
        "low": 252.130005,
        "close": 252.634995,
        "volume": 2095820.0
      },
      "indicators": {
        "sma20": 254.52625,
        "sma50": 281.7595,
        "rsi14": 44.078911,
        "macd": {
          "macd": -9.802506,
          "signal": -12.450911,
          "hist": 2.648405
        },
        "atr14": 10.164122
      },
      "samples": 251
    },
    "BRK.B": {
      "ok": true,
      "source_ticker": "BRK-B",
      "latest": {
        "open": 494.899994,
        "high": 496.190002,
        "low": 490.209991,
        "close": 492.554993,
        "volume": 1894365.0
      },
      "indicators": {
        "sma20": 496.236751,