{
  "generated_at": "2026-03-25T06:23:40.485241+00:00",
  "source": "yahoo_chart_v8",
  "count": 15,
  "signals": {
    "AAPL": {
      "ok": true,
      "source_ticker": "AAPL",
      "latest": {
        "open": 250.490005,
        "high": 254.824997,
        "low": 249.550003,
        "close": 251.639999,
        "volume": 27882961.0
      },
      "indicators": {
        "sma20": 257.099,
        "sma50": 260.652199,
        "rsi14": 40.919732,
        "macd": {
          "macd": -3.87109,
          "signal": -3.406338,
          "hist": -0.464752
        },
        "atr14": 5.547664
      },
      "samples": 252
    },
    "AVGO": {
      "ok": true,
      "source_ticker": "AVGO",
      "latest": {
        "open": 319.579987,
        "high": 324.399902,
        "low": 314.839996,
        "close": 318.290009,
        "volume": 19731270.0
      },
      "indicators": {
        "sma20": 324.716002,
        "sma50": 329.0126,
        "rsi14": 45.052436,
        "macd": {
          "macd": -3.599855,
          "signal": -2.641944,
          "hist": -0.957912
        },
        "atr14": 13.006419
      },
      "samples": 252
    },
    "BBAI": {
      "ok": true,
      "source_ticker": "BBAI",
      "latest": {
        "open": 3.62,
        "high": 3.69,
        "low": 3.49,
        "close": 3.54,
        "volume": 25482737.0
      },
      "indicators": {
        "sma20": 3.9145,
        "sma50": 4.5494,
        "rsi14": 35.513476,
        "macd": {
          "macd": -0.239892,
          "signal": -0.235988,
          "hist": -0.003903
        },
        "atr14": 0.268966
      },
      "samples": 252
    },
    "KTOS": {
      "ok": true,
      "source_ticker": "KTOS",
      "latest": {
        "open": 82.669998,
        "high": 83.0,
        "low": 75.519997,
        "close": 77.489998,
        "volume": 4521125.0
      },
      "indicators": {
        "sma20": 88.047499,
        "sma50": 97.5006,
        "rsi14": 36.414709,
        "macd": {
          "macd": -3.220408,
          "signal": -2.194957,
          "hist": -1.025451
        },
        "atr14": 6.759039
      },
      "samples": 252
    },
    "NVDA": {
      "ok": true,
      "source_ticker": "NVDA",
      "latest": {
        "open": 174.761993,
        "high": 176.220001,
        "low": 173.979996,
        "close": 175.199997,
        "volume": 142336713.0
      },
      "indicators": {
        "sma20": 180.424998,
        "sma50": 184.0244,
        "rsi14": 41.524542,
        "macd": {
          "macd": -2.59758,
          "signal": -1.803819,
          "hist": -0.793762
        },
        "atr14": 5.280323
      },
      "samples": 252
    },
    "ONDS": {
      "ok": true,
      "source_ticker": "ONDS",
      "latest": {
        "open": 10.925,
        "high": 11.37,
        "low": 10.475,
        "close": 10.68,
        "volume": 94712193.0
      },
      "indicators": {
        "sma20": 10.3905,
        "sma50": 10.7772,
        "rsi14": 51.868421,
        "macd": {
          "macd": 0.076493,
          "signal": 0.015912,
          "hist": 0.060581
        },
        "atr14": 1.042487
      },
      "samples": 252
    },
    "PLTR": {
      "ok": true,
      "source_ticker": "PLTR",
      "latest": {
        "open": 160.104996,
        "high": 162.399994,
        "low": 151.639999,
        "close": 154.779999,
        "volume": 54262366.0
      },
      "indicators": {
        "sma20": 151.4745,
        "sma50": 150.302,
        "rsi14": 53.855699,
        "macd": {
          "macd": 2.280072,
          "signal": 1.538077,
          "hist": 0.741995
        },
        "atr14": 7.267305
      },
      "samples": 252
    },
    "RDW": {
      "ok": true,
      "source_ticker": "RDW",
      "latest": {
        "open": 9.35,
        "high": 9.79,
        "low": 9.0,
        "close": 9.05,
        "volume": 20867422.0
      },
      "indicators": {
        "sma20": 9.3465,
        "sma50": 9.8516,
        "rsi14": 47.092671,
        "macd": {
          "macd": -0.019048,
          "signal": -0.004892,
          "hist": -0.014156
        },
        "atr14": 0.886352
      },
      "samples": 252
    },
    "RKLB": {
      "ok": true,
      "source_ticker": "RKLB",
      "latest": {
        "open": 66.989998,
        "high": 68.599998,
        "low": 64.459999,
        "close": 66.07,
        "volume": 21264488.0
      },
      "indicators": {
        "sma20": 70.135001,
        "sma50": 75.280801,
        "rsi14": 43.743273,
        "macd": {
          "macd": -1.469364,
          "signal": -1.138248,
          "hist": -0.331116
        },
        "atr14": 5.43943
      },
      "samples": 252
    },
    "TSLA": {
      "ok": true,
      "source_ticker": "TSLA",
      "latest": {
        "open": 376.695007,
        "high": 387.470001,
        "low": 376.309998,
        "close": 383.029999,
        "volume": 59674483.0
      },
      "indicators": {
        "sma20": 394.489499,
        "sma50": 411.627999,
        "rsi14": 41.521289,
        "macd": {
          "macd": -9.097174,
          "signal": -8.332731,
          "hist": -0.764443
        },
        "atr14": 13.361866
      },
      "samples": 252
    },
    "TSM": {
      "ok": true,
      "source_ticker": "TSM",
      "latest": {
        "open": 335.570007,
        "high": 344.880005,
        "low": 334.040009,
        "close": 343.25,
        "volume": 9424187.0
      },
      "indicators": {
        "sma20": 348.397501,
        "sma50": 348.37,
        "rsi14": 47.912254,
        "macd": {
          "macd": -3.691204,
          "signal": -2.459552,
          "hist": -1.231652
        },
        "atr14": 12.33557
      },
      "samples": 252
    },
    "UUUU": {
      "ok": true,
      "source_ticker": "UUUU",
      "latest": {
        "open": 17.559999,
        "high": 18.254999,
        "low": 17.139999,
        "close": 18.059999,
        "volume": 10222900.0
      },
      "indicators": {
        "sma20": 19.7085,
        "sma50": 21.2916,
        "rsi14": 42.675592,
        "macd": {
          "macd": -0.935821,
          "signal": -0.738013,
          "hist": -0.197808
        },
        "atr14": 1.638368
      },
      "samples": 252
    },
    "GOOG": {
      "ok": true,
      "source_ticker": "GOOG",
      "latest": {
        "open": 296.209991,
        "high": 297.089996,
        "low": 288.855011,
        "close": 289.200012,
        "volume": 27300898.0
      },
      "indicators": {
        "sma20": 302.963,
        "sma50": 315.827,
        "rsi14": 32.295416,
        "macd": {
          "macd": -5.102061,
          "signal": -4.078143,
          "hist": -1.023919
        },
        "atr14": 7.497966
      },
      "samples": 252
    },
    "LITE": {
      "ok": true,
      "source_ticker": "LITE",
      "latest": {
        "open": 728.849976,
        "high": 803.580017,
        "low": 728.849976,
        "close": 801.98999,
        "volume": 6939587.0
      },
      "indicators": {
        "sma20": 687.777499,
        "sma50": 564.278001,
        "rsi14": 64.592154,
        "macd": {
          "macd": 51.089347,
          "signal": 43.503772,
          "hist": 7.585574
        },
        "atr14": 70.074083
      },
      "samples": 252
    },
    "COHR": {
      "ok": true,
      "source_ticker": "COHR",
      "latest": {
        "open": 255.25,
        "high": 277.369995,
        "low": 255.149994,
        "close": 272.329987,
        "volume": 9147537.0
      },
      "indicators": {
        "sma20": 259.046499,
        "sma50": 234.422799,
        "rsi14": 57.914681,
        "macd": {
          "macd": 8.049881,
          "signal": 7.935231,
          "hist": 0.11465
        },
        "atr14": 22.278086
      },
      "samples": 252
    }
  }
}
