{
  "generated_at": "2026-03-13T22:16:32.900348+00:00",
  "source": "yahoo_chart_v8",
  "count": 15,
  "signals": {
    "AAPL": {
      "ok": true,
      "source_ticker": "AAPL",
      "latest": {
        "open": 255.399994,
        "high": 256.329987,
        "low": 249.520004,
        "close": 250.119995,
        "volume": 34193754.0
      },
      "indicators": {
        "sma20": 262.749499,
        "sma50": 262.707599,
        "rsi14": 34.55376,
        "macd": {
          "macd": -2.60505,
          "signal": -1.152204,
          "hist": -1.452846
        },
        "atr14": 6.135794
      },
      "samples": 251
    },
    "AVGO": {
      "ok": true,
      "source_ticker": "AVGO",
      "latest": {
        "open": 337.725006,
        "high": 338.320007,
        "low": 321.429993,
        "close": 322.160004,
        "volume": 25690012.0
      },
      "indicators": {
        "sma20": 329.436,
        "sma50": 333.062,
        "rsi14": 44.360968,
        "macd": {
          "macd": 0.124103,
          "signal": -0.909943,
          "hist": 1.034046
        },
        "atr14": 14.321964
      },
      "samples": 251
    },
    "BBAI": {
      "ok": true,
      "source_ticker": "BBAI",
      "latest": {
        "open": 4.08,
        "high": 4.19,
        "low": 3.9,
        "close": 3.94,
        "volume": 35000033.0
      },
      "indicators": {
        "sma20": 4.0105,
        "sma50": 4.9178,
        "rsi14": 41.836538,
        "macd": {
          "macd": -0.217975,
          "signal": -0.286244,
          "hist": 0.068268
        },
        "atr14": 0.326697
      },
      "samples": 251
    },
    "KTOS": {
      "ok": true,
      "source_ticker": "KTOS",
      "latest": {
        "open": 89.82,
        "high": 91.900002,
        "low": 87.199997,
        "close": 87.529999,
        "volume": 2746347.0
      },
      "indicators": {
        "sma20": 91.0105,
        "sma50": 98.9036,
        "rsi14": 45.016243,
        "macd": {
          "macd": -2.34966,
          "signal": -2.473741,
          "hist": 0.124081
        },
        "atr14": 6.912634
      },
      "samples": 251
    },
    "NVDA": {
      "ok": true,
      "source_ticker": "NVDA",
      "latest": {
        "open": 184.910004,
        "high": 186.089996,
        "low": 179.940002,
        "close": 180.25,
        "volume": 156420571.0
      },
      "indicators": {
        "sma20": 184.9545,
        "sma50": 185.4606,
        "rsi14": 45.221917,
        "macd": {
          "macd": -1.0046,
          "signal": -0.69629,
          "hist": -0.308311
        },
        "atr14": 5.968207
      },
      "samples": 251
    },
    "ONDS": {
      "ok": true,
      "source_ticker": "ONDS",
      "latest": {
        "open": 10.445,
        "high": 10.98,
        "low": 10.05,
        "close": 10.16,
        "volume": 72857914.0
      },
      "indicators": {
        "sma20": 10.242,
        "sma50": 11.0474,
        "rsi14": 48.966314,
        "macd": {
          "macd": -0.129759,
          "signal": -0.144756,
          "hist": 0.014997
        },
        "atr14": 1.121111
      },
      "samples": 251
    },
    "PLTR": {
      "ok": true,
      "source_ticker": "PLTR",
      "latest": {
        "open": 153.190094,
        "high": 154.559998,
        "low": 148.580093,
        "close": 150.949997,
        "volume": 42212989.0
      },
      "indicators": {
        "sma20": 142.786501,
        "sma50": 153.8514,
        "rsi14": 53.155958,
        "macd": {
          "macd": 1.139538,
          "signal": -1.108662,
          "hist": 2.2482
        },
        "atr14": 7.010885
      },
      "samples": 251
    },
    "RDW": {
      "ok": true,
      "source_ticker": "RDW",
      "latest": {
        "open": 9.6,
        "high": 10.01,
        "low": 9.3401,
        "close": 9.59,
        "volume": 13768769.0
      },
      "indicators": {
        "sma20": 8.8785,
        "sma50": 9.9266,
        "rsi14": 52.385408,
        "macd": {
          "macd": -0.030348,
          "signal": -0.152205,
          "hist": 0.121857
        },
        "atr14": 0.91246
      },
      "samples": 251
    },
    "RKLB": {
      "ok": true,
      "source_ticker": "RKLB",
      "latest": {
        "open": 69.050003,
        "high": 71.300003,
        "low": 67.440002,
        "close": 68.410004,
        "volume": 15987680.0
      },
      "indicators": {
        "sma20": 70.679501,
        "sma50": 77.103801,
        "rsi14": 44.729667,
        "macd": {
          "macd": -1.469982,
          "signal": -1.512068,
          "hist": 0.042086
        },
        "atr14": 5.451475
      },
      "samples": 251
    },
    "TSLA": {
      "ok": true,
      "source_ticker": "TSLA",
      "latest": {
        "open": 399.165009,
        "high": 400.160004,
        "low": 389.950012,
        "close": 391.200012,
        "volume": 57370326.0
      },
      "indicators": {
        "sma20": 404.827,
        "sma50": 420.6444,
        "rsi14": 40.016463,
        "macd": {
          "macd": -7.034296,
          "signal": -7.013743,
          "hist": -0.020553
        },
        "atr14": 13.950628
      },
      "samples": 251
    },
    "TSM": {
      "ok": true,
      "source_ticker": "TSM",
      "latest": {
        "open": 343.920013,
        "high": 344.511414,
        "low": 336.230011,
        "close": 338.309998,
        "volume": 17267249.0
      },
      "indicators": {
        "sma20": 360.823001,
        "sma50": 345.300199,
        "rsi14": 42.680259,
        "macd": {
          "macd": -1.265798,
          "signal": 3.375513,
          "hist": -4.641311
        },
        "atr14": 13.339117
      },
      "samples": 251
    },
    "UUUU": {
      "ok": true,
      "source_ticker": "UUUU",
      "latest": {
        "open": 20.139999,
        "high": 20.540001,
        "low": 18.629999,
        "close": 18.67,
        "volume": 9081978.0
      },
      "indicators": {
        "sma20": 21.033,
        "sma50": 21.2344,
        "rsi14": 42.042937,
        "macd": {
          "macd": -0.496033,
          "signal": -0.165006,
          "hist": -0.331027
        },
        "atr14": 1.963945
      },
      "samples": 251
    },
    "GOOG": {
      "ok": true,
      "source_ticker": "GOOG",
      "latest": {
        "open": 307.0,
        "high": 307.23999,
        "low": 299.78009,
        "close": 301.459991,
        "volume": 16811259.0
      },
      "indicators": {
        "sma20": 306.203499,
        "sma50": 319.211599,
        "rsi14": 40.2528,
        "macd": {
          "macd": -4.304535,
          "signal": -4.53628,
          "hist": 0.231744
        },
        "atr14": 7.95715
      },
      "samples": 251
    },
    "LITE": {
      "ok": true,
      "source_ticker": "LITE",
      "latest": {
        "open": 634.5,
        "high": 639.559998,
        "low": 611.150024,
        "close": 622.5,
        "volume": 3824432.0
      },
      "indicators": {
        "sma20": 655.807501,
        "sma50": 507.377601,
        "rsi14": 51.753672,
        "macd": {
          "macd": 34.972319,
          "signal": 51.5878,
          "hist": -16.61548
        },
        "atr14": 58.92775
      },
      "samples": 251
    },
    "COHR": {
      "ok": true,
      "source_ticker": "COHR",
      "latest": {
        "open": 248.380005,
        "high": 251.660004,
        "low": 241.210007,
        "close": 242.759995,
        "volume": 3924862.0
      },
      "indicators": {
        "sma20": 250.751499,
        "sma50": 222.5846,
        "rsi14": 50.006146,
        "macd": {
          "macd": 7.723466,
          "signal": 11.778079,
          "hist": -4.054613
        },
        "atr14": 20.368159
      },
      "samples": 251
    }
  }
}
