{
  "generated_at": "2026-03-13T07:16:42.382309+00:00",
  "source": "yahoo_chart_v8",
  "count": 15,
  "signals": {
    "AAPL": {
      "ok": true,
      "source_ticker": "AAPL",
      "latest": {
        "open": 258.660004,
        "high": 258.950012,
        "low": 254.179993,
        "close": 255.759995,
        "volume": 40722700.0
      },
      "indicators": {
        "sma20": 263.33,
        "sma50": 263.166798,
        "rsi14": 39.73893,
        "macd": {
          "macd": -1.82626,
          "signal": -0.788993,
          "hist": -1.037267
        },
        "atr14": 6.083933
      },
      "samples": 251
    },
    "AVGO": {
      "ok": true,
      "source_ticker": "AVGO",
      "latest": {
        "open": 337.73999,
        "high": 339.829987,
        "low": 332.200012,
        "close": 335.970001,
        "volume": 21951600.0
      },
      "indicators": {
        "sma20": 329.886501,
        "sma50": 333.6158,
        "rsi14": 52.551942,
        "macd": {
          "macd": 1.081194,
          "signal": -1.168454,
          "hist": 2.249648
        },
        "atr14": 14.124422
      },
      "samples": 251
    },
    "BBAI": {
      "ok": true,
      "source_ticker": "BBAI",
      "latest": {
        "open": 4.07,
        "high": 4.2,
        "low": 4.01,
        "close": 4.03,
        "volume": 34657200.0
      },
      "indicators": {
        "sma20": 4.0185,
        "sma50": 4.949,
        "rsi14": 43.485491,
        "macd": {
          "macd": -0.222975,
          "signal": -0.303311,
          "hist": 0.080336
        },
        "atr14": 0.329519
      },
      "samples": 251
    },
    "KTOS": {
      "ok": true,
      "source_ticker": "KTOS",
      "latest": {
        "open": 88.940002,
        "high": 91.370003,
        "low": 85.389999,
        "close": 89.459999,
        "volume": 3938700.0
      },
      "indicators": {
        "sma20": 90.9865,
        "sma50": 98.6726,
        "rsi14": 46.890566,
        "macd": {
          "macd": -2.333686,
          "signal": -2.504761,
          "hist": 0.171075
        },
        "atr14": 7.082836
      },
      "samples": 251
    },
    "NVDA": {
      "ok": true,
      "source_ticker": "NVDA",
      "latest": {
        "open": 184.050003,
        "high": 184.940002,
        "low": 181.75,
        "close": 183.139999,
        "volume": 155354700.0
      },
      "indicators": {
        "sma20": 185.289,
        "sma50": 185.6064,
        "rsi14": 48.213731,
        "macd": {
          "macd": -0.770385,
          "signal": -0.619212,
          "hist": -0.151173
        },
        "atr14": 5.954224
      },
      "samples": 251
    },
    "ONDS": {
      "ok": true,
      "source_ticker": "ONDS",
      "latest": {
        "open": 10.07,
        "high": 10.84,
        "low": 9.8,
        "close": 10.33,
        "volume": 134603664.0
      },
      "indicators": {
        "sma20": 10.2505,
        "sma50": 11.0508,
        "rsi14": 50.317733,
        "macd": {
          "macd": -0.116198,
          "signal": -0.142044,
          "hist": 0.025846
        },
        "atr14": 1.128968
      },
      "samples": 252
    },
    "PLTR": {
      "ok": true,
      "source_ticker": "PLTR",
      "latest": {
        "open": 153.009995,
        "high": 155.880005,
        "low": 150.979996,
        "close": 153.5,
        "volume": 54296200.0
      },
      "indicators": {
        "sma20": 141.695502,
        "sma50": 154.4492,
        "rsi14": 56.243619,
        "macd": {
          "macd": 1.055566,
          "signal": -1.670712,
          "hist": 2.726278
        },
        "atr14": 7.090191
      },
      "samples": 251
    },
    "RDW": {
      "ok": true,
      "source_ticker": "RDW",
      "latest": {
        "open": 9.32,
        "high": 9.7099,
        "low": 9.04,
        "close": 9.48,
        "volume": 14806665.0
      },
      "indicators": {
        "sma20": 8.873,
        "sma50": 9.9244,
        "rsi14": 51.587805,
        "macd": {
          "macd": -0.039123,
          "signal": -0.15396,
          "hist": 0.114837
        },
        "atr14": 0.91246
      },
      "samples": 252
    },
    "RKLB": {
      "ok": true,
      "source_ticker": "RKLB",
      "latest": {
        "open": 71.949997,
        "high": 72.599998,
        "low": 68.279999,
        "close": 68.370003,
        "volume": 17629400.0
      },
      "indicators": {
        "sma20": 70.559501,
        "sma50": 77.144601,
        "rsi14": 44.664914,
        "macd": {
          "macd": -1.403778,
          "signal": -1.52259,
          "hist": 0.118812
        },
        "atr14": 5.573896
      },
      "samples": 251
    },
    "TSLA": {
      "ok": true,
      "source_ticker": "TSLA",
      "latest": {
        "open": 405.100006,
        "high": 406.5,
        "low": 394.649994,
        "close": 395.01001,
        "volume": 59382702.0
      },
      "indicators": {
        "sma20": 405.0175,
        "sma50": 420.7206,
        "rsi14": 41.718912,
        "macd": {
          "macd": -6.730365,
          "signal": -6.952957,
          "hist": 0.222592
        },
        "atr14": 14.067772
      },
      "samples": 252
    },
    "TSM": {
      "ok": true,
      "source_ticker": "TSM",
      "latest": {
        "open": 345.929993,
        "high": 346.890015,
        "low": 336.380005,
        "close": 336.709991,
        "volume": 17493800.0
      },
      "indicators": {
        "sma20": 362.312502,
        "sma50": 344.525599,
        "rsi14": 41.754678,
        "macd": {
          "macd": -0.076843,
          "signal": 4.535841,
          "hist": -4.612684
        },
        "atr14": 13.728172
      },
      "samples": 251
    },
    "UUUU": {
      "ok": true,
      "source_ticker": "UUUU",
      "latest": {
        "open": 19.9,
        "high": 20.4,
        "low": 19.07,
        "close": 19.82,
        "volume": 8883700.0
      },
      "indicators": {
        "sma20": 21.1645,
        "sma50": 21.1452,
        "rsi14": 45.60176,
        "macd": {
          "macd": -0.364801,
          "signal": -0.082249,
          "hist": -0.282552
        },
        "atr14": 1.968094
      },
      "samples": 251
    },
    "GOOG": {
      "ok": true,
      "source_ticker": "GOOG",
      "latest": {
        "open": 306.209991,
        "high": 308.640015,
        "low": 300.839996,
        "close": 303.209991,
        "volume": 15584500.0
      },
      "indicators": {
        "sma20": 306.598999,
        "sma50": 319.473399,
        "rsi14": 41.802192,
        "macd": {
          "macd": -4.24079,
          "signal": -4.594216,
          "hist": 0.353426
        },
        "atr14": 7.9954
      },
      "samples": 251
    },
    "LITE": {
      "ok": true,
      "source_ticker": "LITE",
      "latest": {
        "open": 643.544983,
        "high": 664.994995,
        "low": 616.039978,
        "close": 616.090027,
        "volume": 4898000.0
      },
      "indicators": {
        "sma20": 653.855502,
        "sma50": 502.351201,
        "rsi14": 51.105286,
        "macd": {
          "macd": 40.057952,
          "signal": 55.74167,
          "hist": -15.683718
        },
        "atr14": 61.275271
      },
      "samples": 251
    },
    "COHR": {
      "ok": true,
      "source_ticker": "COHR",
      "latest": {
        "open": 244.800003,
        "high": 251.119995,
        "low": 239.080002,
        "close": 241.270004,
        "volume": 5712500.0
      },
      "indicators": {
        "sma20": 249.4185,
        "sma50": 221.4656,
        "rsi14": 49.51731,
        "macd": {
          "macd": 9.199176,
          "signal": 12.791732,
          "hist": -3.592556
        },
        "atr14": 21.131094
      },
      "samples": 251
    }
  }
}
