{
  "generated_at": "2026-03-09T09:59:24.117980+00:00",
  "source": "yahoo_chart_v8",
  "count": 17,
  "signals": {
    "AAPL": {
      "ok": true,
      "source_ticker": "AAPL",
      "latest": {
        "open": 258.630005,
        "high": 258.769989,
        "low": 254.369995,
        "close": 257.459991,
        "volume": 41094000.0
      },
      "indicators": {
        "sma20": 266.562,
        "sma50": 264.287798,
        "rsi14": 40.819973,
        "macd": {
          "macd": -0.932198,
          "signal": 0.209868,
          "hist": -1.142067
        },
        "atr14": 6.28333
      },
      "samples": 251
    },
    "AVGO": {
      "ok": true,
      "source_ticker": "AVGO",
      "latest": {
        "open": 328.279999,
        "high": 343.51001,
        "low": 327.399994,
        "close": 330.480011,
        "volume": 39103700.0
      },
      "indicators": {
        "sma20": 329.596002,
        "sma50": 334.3196,
        "rsi14": 50.978967,
        "macd": {
          "macd": -2.935871,
          "signal": -3.455115,
          "hist": 0.519245
        },
        "atr14": 14.484624
      },
      "samples": 251
    },
    "BBAI": {
      "ok": true,
      "source_ticker": "BBAI",
      "latest": {
        "open": 3.98,
        "high": 4.42,
        "low": 3.97,
        "close": 4.25,
        "volume": 69410100.0
      },
      "indicators": {
        "sma20": 4.1255,
        "sma50": 5.0912,
        "rsi14": 47.108976,
        "macd": {
          "macd": -0.311379,
          "signal": -0.389405,
          "hist": 0.078026
        },
        "atr14": 0.359452
      },
      "samples": 251
    },
    "KTOS": {
      "ok": true,
      "source_ticker": "KTOS",
      "latest": {
        "open": 83.379997,
        "high": 90.879997,
        "low": 81.5,
        "close": 87.0,
        "volume": 5376500.0
      },
      "indicators": {
        "sma20": 91.72,
        "sma50": 97.8252,
        "rsi14": 44.085774,
        "macd": {
          "macd": -3.07236,
          "signal": -2.544391,
          "hist": -0.527969
        },
        "atr14": 7.732924
      },
      "samples": 251
    },
    "MSFT": {
      "ok": true,
      "source_ticker": "MSFT",
      "latest": {
        "open": 409.200012,
        "high": 413.049988,
        "low": 408.51001,
        "close": 408.959991,
        "volume": 31085000.0
      },
      "indicators": {
        "sma20": 401.176999,
        "sma50": 437.7534,
        "rsi14": 47.321294,
        "macd": {
          "macd": -8.549713,
          "signal": -12.681594,
          "hist": 4.131881
        },
        "atr14": 10.402587
      },
      "samples": 251
    },
    "NVDA": {
      "ok": true,
      "source_ticker": "NVDA",
      "latest": {
        "open": 179.839996,
        "high": 182.759995,
        "low": 176.820007,
        "close": 177.820007,
        "volume": 188472400.0
      },
      "indicators": {
        "sma20": 186.1615,
        "sma50": 186.006,
        "rsi14": 42.416133,
        "macd": {
          "macd": -1.222417,
          "signal": -0.220381,
          "hist": -1.002036
        },
        "atr14": 6.382361
      },
      "samples": 251
    },
    "ONDS": {
      "ok": true,
      "source_ticker": "ONDS",
      "latest": {
        "open": 10.25,
        "high": 11.61,
        "low": 9.76,
        "close": 9.83,
        "volume": 159845600.0
      },
      "indicators": {
        "sma20": 10.135,
        "sma50": 10.9268,
        "rsi14": 45.978451,
        "macd": {
          "macd": -0.119599,
          "signal": -0.138362,
          "hist": 0.018762
        },
        "atr14": 1.196909
      },
      "samples": 251
    },
    "PLTR": {
      "ok": true,
      "source_ticker": "PLTR",
      "latest": {
        "open": 150.440002,
        "high": 161.449997,
        "low": 150.289993,
        "close": 157.160004,
        "volume": 74824200.0
      },
      "indicators": {
        "sma20": 138.762001,
        "sma50": 157.419601,
        "rsi14": 60.956445,
        "macd": {
          "macd": -0.958918,
          "signal": -4.978382,
          "hist": 4.019464
        },
        "atr14": 7.762773
      },
      "samples": 251
    },
    "RDW": {
      "ok": true,
      "source_ticker": "RDW",
      "latest": {
        "open": 8.79,
        "high": 9.45,
        "low": 8.48,
        "close": 8.55,
        "volume": 17775800.0
      },
      "indicators": {
        "sma20": 8.8285,
        "sma50": 9.7368,
        "rsi14": 45.285654,
        "macd": {
          "macd": -0.237386,
          "signal": -0.289534,
          "hist": 0.052148
        },
        "atr14": 0.996156
      },
      "samples": 251
    },
    "RKLB": {
      "ok": true,
      "source_ticker": "RKLB",
      "latest": {
        "open": 68.135002,
        "high": 75.110001,
        "low": 68.135002,
        "close": 70.110001,
        "volume": 22185400.0
      },
      "indicators": {
        "sma20": 71.013,
        "sma50": 77.432401,
        "rsi14": 46.222581,
        "macd": {
          "macd": -1.592193,
          "signal": -1.69732,
          "hist": 0.105127
        },
        "atr14": 5.950217
      },
      "samples": 251
    },
    "TSLA": {
      "ok": true,
      "source_ticker": "TSLA",
      "latest": {
        "open": 398.089996,
        "high": 402.350006,
        "low": 394.209991,
        "close": 396.730011,
        "volume": 63870200.0
      },
      "indicators": {
        "sma20": 410.178499,
        "sma50": 428.0098,
        "rsi14": 41.052688,
        "macd": {
          "macd": -7.369586,
          "signal": -7.320123,
          "hist": -0.049463
        },
        "atr14": 14.107983
      },
      "samples": 251
    },
    "TSM": {
      "ok": true,
      "source_ticker": "TSM",
      "latest": {
        "open": 343.5,
        "high": 348.720001,
        "low": 336.690002,
        "close": 338.890015,
        "volume": 13758500.0
      },
      "indicators": {
        "sma20": 364.972502,
        "sma50": 340.774599,
        "rsi14": 40.953724,
        "macd": {
          "macd": 4.257887,
          "signal": 9.12933,
          "hist": -4.871442
        },
        "atr14": 13.697209
      },
      "samples": 251
    },
    "UUUU": {
      "ok": true,
      "source_ticker": "UUUU",
      "latest": {
        "open": 19.709999,
        "high": 20.629999,
        "low": 18.77,
        "close": 19.030001,
        "volume": 10346200.0
      },
      "indicators": {
        "sma20": 21.588,
        "sma50": 20.7436,
        "rsi14": 42.880843,
        "macd": {
          "macd": -0.112325,
          "signal": 0.232871,
          "hist": -0.345197
        },
        "atr14": 2.155652
      },
      "samples": 251
    },
    "GOOG": {
      "ok": true,
      "source_ticker": "GOOG",
      "latest": {
        "open": 296.071991,
        "high": 300.329987,
        "low": 295.25,
        "close": 298.299988,
        "volume": 17574900.0
      },
      "indicators": {
        "sma20": 309.243498,
        "sma50": 320.195999,
        "rsi14": 34.227551,
        "macd": {
          "macd": -5.606363,
          "signal": -4.673134,
          "hist": -0.933229
        },
        "atr14": 8.25331
      },
      "samples": 251
    },
    "IBM": {
      "ok": true,
      "source_ticker": "IBM",
      "latest": {
        "open": 256.440002,
        "high": 259.399994,
        "low": 252.210007,
        "close": 258.850006,
        "volume": 6233100.0
      },
      "indicators": {
        "sma20": 256.841,
        "sma50": 282.7824,
        "rsi14": 47.48244,
        "macd": {
          "macd": -10.683793,
          "signal": -13.113012,
          "hist": 2.429219
        },
        "atr14": 10.429055
      },
      "samples": 251
    },
    "BRK.B": {
      "ok": true,
      "source_ticker": "BRK-B",
      "latest": {
        "open": 499.25,
        "high": 500.700012,
        "low": 491.880005,
        "close": 498.980011,
        "volume": 5560000.0
      },
      "indicators": {
        "sma20": 497.013501,