{
  "generated_at": "2026-03-05T15:54:36.227220+00:00",
  "source": "yahoo_chart_v8",
  "count": 17,
  "signals": {
    "AAPL": {
      "ok": true,
      "source_ticker": "AAPL",
      "latest": {
        "open": 260.744995,
        "high": 261.450012,
        "low": 258.075012,
        "close": 260.769989,
        "volume": 12751943.0
      },
      "indicators": {
        "sma20": 267.508499,
        "sma50": 264.567598,
        "rsi14": 44.110114,
        "macd": {
          "macd": -0.303658,
          "signal": 0.503043,
          "hist": -0.806701
        },
        "atr14": 6.252348
      },
      "samples": 252
    },
    "AVGO": {
      "ok": true,
      "source_ticker": "AVGO",
      "latest": {
        "open": 330.174988,
        "high": 336.119995,
        "low": 323.029999,
        "close": 332.940002,
        "volume": 23586794.0
      },
      "indicators": {
        "sma20": 328.606003,
        "sma50": 334.542401,
        "rsi14": 52.589489,
        "macd": {
          "macd": -3.628007,
          "signal": -3.582214,
          "hist": -0.045793
        },
        "atr14": 14.359594
      },
      "samples": 252
    },
    "BBAI": {
      "ok": true,
      "source_ticker": "BBAI",
      "latest": {
        "open": 3.77,
        "high": 4.0399,
        "low": 3.73,
        "close": 3.955,
        "volume": 16575633.0
      },
      "indicators": {
        "sma20": 4.11275,
        "sma50": 5.1323,
        "rsi14": 41.182797,
        "macd": {
          "macd": -0.361537,
          "signal": -0.410268,
          "hist": 0.048731
        },
        "atr14": 0.351765
      },
      "samples": 252
    },
    "KTOS": {
      "ok": true,
      "source_ticker": "KTOS",
      "latest": {
        "open": 88.989998,
        "high": 89.489998,
        "low": 85.160004,
        "close": 86.489998,
        "volume": 1012398.0
      },
      "indicators": {
        "sma20": 91.68,
        "sma50": 97.7348,
        "rsi14": 43.295136,
        "macd": {
          "macd": -2.935868,
          "signal": -2.397242,
          "hist": -0.538626
        },
        "atr14": 7.409083
      },
      "samples": 252
    },
    "MSFT": {
      "ok": true,
      "source_ticker": "MSFT",
      "latest": {
        "open": 404.434998,
        "high": 411.609985,
        "low": 404.399994,
        "close": 408.414612,
        "volume": 10545965.0
      },
      "indicators": {
        "sma20": 400.299231,
        "sma50": 439.227292,
        "rsi14": 46.937865,
        "macd": {
          "macd": -9.959289,
          "signal": -13.750707,
          "hist": 3.791418
        },
        "atr14": 10.853557
      },
      "samples": 252
    },
    "NVDA": {
      "ok": true,
      "source_ticker": "NVDA",
      "latest": {
        "open": 181.169998,
        "high": 183.820007,
        "low": 180.809998,
        "close": 183.692093,
        "volume": 52109664.0
      },
      "indicators": {
        "sma20": 185.882104,
        "sma50": 186.130442,
        "rsi14": 48.042377,
        "macd": {
          "macd": -0.700532,
          "signal": 0.035746,
          "hist": -0.736278
        },
        "atr14": 6.145347
      },
      "samples": 252
    },
    "ONDS": {
      "ok": true,
      "source_ticker": "ONDS",
      "latest": {
        "open": 10.5,
        "high": 10.92,
        "low": 10.22,
        "close": 10.595,
        "volume": 28037442.0
      },
      "indicators": {
        "sma20": 10.07275,
        "sma50": 10.9177,
        "rsi14": 51.066045,
        "macd": {
          "macd": -0.075832,
          "signal": -0.141377,
          "hist": 0.065545
        },
        "atr14": 1.135243
      },
      "samples": 252
    },
    "PLTR": {
      "ok": true,
      "source_ticker": "PLTR",
      "latest": {
        "open": 152.800003,
        "high": 156.380005,
        "low": 152.619995,
        "close": 153.649994,
        "volume": 18771582.0
      },
      "indicators": {
        "sma20": 137.4535,
        "sma50": 158.1756,
        "rsi14": 58.319399,
        "macd": {
          "macd": -2.193842,
          "signal": -5.967612,
          "hist": 3.77377
        },
        "atr14": 7.286448
      },
      "samples": 252
    },
    "RDW": {
      "ok": true,
      "source_ticker": "RDW",
      "latest": {
        "open": 9.2,
        "high": 9.519,
        "low": 8.92,
        "close": 9.175,
        "volume": 4889520.0
      },
      "indicators": {
        "sma20": 8.84625,
        "sma50": 9.7383,
        "rsi14": 49.333331,
        "macd": {
          "macd": -0.206037,
          "signal": -0.300896,
          "hist": 0.094858
        },
        "atr14": 0.980311
      },
      "samples": 252
    },
    "RKLB": {
      "ok": true,
      "source_ticker": "RKLB",
      "latest": {
        "open": 70.919998,
        "high": 72.309998,
        "low": 69.690002,
        "close": 70.910004,
        "volume": 4948674.0
      },
      "indicators": {
        "sma20": 70.869,
        "sma50": 77.599401,
        "rsi14": 47.157337,
        "macd": {
          "macd": -1.555096,
          "signal": -1.709083,
          "hist": 0.153987
        },
        "atr14": 5.70353
      },
      "samples": 252
    },
    "TSLA": {
      "ok": true,
      "source_ticker": "TSLA",
      "latest": {
        "open": 401.570007,
        "high": 407.380005,
        "low": 400.299988,
        "close": 406.579987,
        "volume": 16583140.0
      },
      "indicators": {
        "sma20": 410.253998,
        "sma50": 429.8704,
        "rsi14": 45.608093,
        "macd": {
          "macd": -7.001293,
          "signal": -7.291324,
          "hist": 0.290031
        },
        "atr14": 14.169479
      },
      "samples": 252
    },
    "TSM": {
      "ok": true,
      "source_ticker": "TSM",
      "latest": {
        "open": 354.899994,
        "high": 359.470001,
        "low": 353.100006,
        "close": 355.830109,
        "volume": 4651612.0
      },
      "indicators": {
        "sma20": 364.663008,
        "sma50": 339.901801,
        "rsi14": 49.452003,
        "macd": {
          "macd": 6.915436,
          "signal": 10.378622,
          "hist": -3.463187
        },
        "atr14": 12.765785
      },
      "samples": 252
    },
    "UUUU": {
      "ok": true,
      "source_ticker": "UUUU",
      "latest": {
        "open": 21.549999,
        "high": 21.549999,
        "low": 20.280001,
        "close": 20.450001,
        "volume": 4918949.0
      },
      "indicators": {
        "sma20": 21.6225,
        "sma50": 20.6674,
        "rsi14": 46.610908,
        "macd": {
          "macd": 0.117003,
          "signal": 0.321245,
          "hist": -0.204241
        },
        "atr14": 2.131966
      },
      "samples": 252
    },
    "GOOG": {
      "ok": true,
      "source_ticker": "GOOG",
      "latest": {
        "open": 303.089996,
        "high": 303.369995,
        "low": 298.929993,
        "close": 300.445007,
        "volume": 6411228.0
      },
      "indicators": {
        "sma20": 310.871748,
        "sma50": 320.447299,
        "rsi14": 35.868332,
        "macd": {
          "macd": -5.266692,
          "signal": -4.447245,
          "hist": -0.819447
        },
        "atr14": 8.391367
      },
      "samples": 252
    },
    "IBM": {
      "ok": true,
      "source_ticker": "IBM",
      "latest": {
        "open": 249.320007,
        "high": 256.290009,
        "low": 249.0,
        "close": 254.809906,
        "volume": 1656852.0
      },
      "indicators": {
        "sma20": 258.305996,
        "sma50": 283.626399,
        "rsi14": 44.99774,
        "macd": {
          "macd": -12.424846,
          "signal": -13.748079,
          "hist": 1.323233
        },
        "atr14": 10.386071
      },
      "samples": 252
    },
    "BRK.B": {
      "ok": true,
      "source_ticker": "BRK-B",
      "latest": {
        "open": 493.75,
        "high": 498.480011,
        "low": 492.519989,
        "close": 495.01001,
        "volume": 2014719.0
      },