{
  "generated_at": "2026-03-05T03:54:40.486677+00:00",
  "source": "yahoo_chart_v8",
  "count": 17,
  "signals": {
    "AAPL": {
      "ok": true,
      "source_ticker": "AAPL",
      "latest": {
        "open": 264.649994,
        "high": 266.149994,
        "low": 261.420013,
        "close": 262.519989,
        "volume": 39258957.0
      },
      "indicators": {
        "sma20": 268.294499,
        "sma50": 264.825599,
        "rsi14": 45.947283,
        "macd": {
          "macd": 0.128255,
          "signal": 0.704718,
          "hist": -0.576463
        },
        "atr14": 6.391377
      },
      "samples": 251
    },
    "AVGO": {
      "ok": true,
      "source_ticker": "AVGO",
      "latest": {
        "open": 316.109985,
        "high": 322.640015,
        "low": 311.73999,
        "close": 317.529999,
        "volume": 27262543.0
      },
      "indicators": {
        "sma20": 327.361502,
        "sma50": 334.6908,
        "rsi14": 41.818024,
        "macd": {
          "macd": -4.722492,
          "signal": -3.570766,
          "hist": -1.151726
        },
        "atr14": 14.034179
      },
      "samples": 251
    },
    "BBAI": {
      "ok": true,
      "source_ticker": "BBAI",
      "latest": {
        "open": 3.845,
        "high": 3.955,
        "low": 3.76,
        "close": 3.83,
        "volume": 31823867.0
      },
      "indicators": {
        "sma20": 4.14,
        "sma50": 5.1784,
        "rsi14": 38.410538,
        "macd": {
          "macd": -0.383579,
          "signal": -0.422451,
          "hist": 0.038872
        },
        "atr14": 0.354986
      },
      "samples": 251
    },
    "KTOS": {
      "ok": true,
      "source_ticker": "KTOS",
      "latest": {
        "open": 88.510002,
        "high": 90.099998,
        "low": 85.75,
        "close": 89.129997,
        "volume": 3284789.0
      },
      "indicators": {
        "sma20": 91.922,
        "sma50": 97.5128,
        "rsi14": 45.35152,
        "macd": {
          "macd": -2.741705,
          "signal": -2.262586,
          "hist": -0.47912
        },
        "atr14": 7.645936
      },
      "samples": 251
    },
    "MSFT": {
      "ok": true,
      "source_ticker": "MSFT",
      "latest": {
        "open": 401.161987,
        "high": 411.032593,
        "low": 400.309998,
        "close": 405.200012,
        "volume": 35644323.0
      },
      "indicators": {
        "sma20": 400.588,
        "sma50": 440.777401,
        "rsi14": 44.790068,
        "macd": {
          "macd": -11.379943,
          "signal": -14.698561,
          "hist": 3.318618
        },
        "atr14": 11.134017
      },
      "samples": 251
    },
    "NVDA": {
      "ok": true,
      "source_ticker": "NVDA",
      "latest": {
        "open": 180.369995,
        "high": 184.699997,
        "low": 180.059998,
        "close": 183.039993,
        "volume": 175709563.0
      },
      "indicators": {
        "sma20": 185.407,
        "sma50": 186.0764,
        "rsi14": 47.33308,
        "macd": {
          "macd": -0.649792,
          "signal": 0.219815,
          "hist": -0.869608
        },
        "atr14": 6.386527
      },
      "samples": 251
    },
    "ONDS": {
      "ok": true,
      "source_ticker": "ONDS",
      "latest": {
        "open": 10.36,
        "high": 10.82,
        "low": 9.93,
        "close": 10.51,
        "volume": 96531615.0
      },
      "indicators": {
        "sma20": 10.027,
        "sma50": 10.8902,
        "rsi14": 50.505616,
        "macd": {
          "macd": -0.105012,
          "signal": -0.157763,
          "hist": 0.052751
        },
        "atr14": 1.168723
      },
      "samples": 251
    },
    "PLTR": {
      "ok": true,
      "source_ticker": "PLTR",
      "latest": {
        "open": 148.449997,
        "high": 154.520004,
        "low": 148.100006,
        "close": 153.190002,
        "volume": 59673984.0
      },
      "indicators": {
        "sma20": 136.748,
        "sma50": 158.970201,
        "rsi14": 57.952816,
        "macd": {
          "macd": -3.4578,
          "signal": -6.911055,
          "hist": 3.453254
        },
        "atr14": 7.557713
      },
      "samples": 251
    },
    "RDW": {
      "ok": true,
      "source_ticker": "RDW",
      "latest": {
        "open": 9.05,
        "high": 9.365,
        "low": 8.825,
        "close": 9.28,
        "volume": 13617276.0
      },
      "indicators": {
        "sma20": 8.889,
        "sma50": 9.7148,
        "rsi14": 50.039525,
        "macd": {
          "macd": -0.234919,
          "signal": -0.32461,
          "hist": 0.089691
        },
        "atr14": 1.009643
      },
      "samples": 251
    },
    "RKLB": {
      "ok": true,
      "source_ticker": "RKLB",
      "latest": {
        "open": 70.809998,
        "high": 74.099998,
        "low": 69.489998,
        "close": 71.910004,
        "volume": 16984805.0
      },
      "indicators": {
        "sma20": 70.979,
        "sma50": 77.5916,
        "rsi14": 48.425574,
        "macd": {
          "macd": -1.638119,
          "signal": -1.74758,
          "hist": 0.109461
        },
        "atr14": 5.939297
      },
      "samples": 251
    },
    "TSLA": {
      "ok": true,
      "source_ticker": "TSLA",
      "latest": {
        "open": 397.845001,
        "high": 408.329987,
        "low": 394.589996,
        "close": 405.940002,
        "volume": 67670354.0
      },
      "indicators": {
        "sma20": 410.225499,
        "sma50": 431.3628,
        "rsi14": 45.248318,
        "macd": {
          "macd": -7.513257,
          "signal": -7.363832,
          "hist": -0.149425
        },
        "atr14": 14.714822
      },
      "samples": 251
    },
    "TSM": {
      "ok": true,
      "source_ticker": "TSM",
      "latest": {
        "open": 357.429993,
        "high": 361.089996,
        "low": 354.549988,
        "close": 357.440002,
        "volume": 12052371.0
      },
      "indicators": {
        "sma20": 363.158502,
        "sma50": 338.564199,
        "rsi14": 50.38233,
        "macd": {
          "macd": 8.327161,
          "signal": 11.244419,
          "hist": -2.917258
        },
        "atr14": 13.257769
      },
      "samples": 251
    },
    "UUUU": {
      "ok": true,
      "source_ticker": "UUUU",
      "latest": {
        "open": 21.49,
        "high": 22.540001,
        "low": 20.51,
        "close": 21.809999,
        "volume": 12354571.0
      },
      "indicators": {
        "sma20": 21.671,
        "sma50": 20.5598,
        "rsi14": 50.54698,
        "macd": {
          "macd": 0.253207,
          "signal": 0.372305,
          "hist": -0.119098
        },
        "atr14": 2.178272
      },
      "samples": 251
    },
    "GOOG": {
      "ok": true,
      "source_ticker": "GOOG",
      "latest": {
        "open": 302.720001,
        "high": 305.459991,
        "low": 300.799988,
        "close": 303.450012,
        "volume": 19892189.0
      },
      "indicators": {
        "sma20": 312.516498,
        "sma50": 320.610599,
        "rsi14": 38.215076,
        "macd": {
          "macd": -4.93839,
          "signal": -4.242384,
          "hist": -0.696007
        },
        "atr14": 8.689163
      },
      "samples": 251
    },
    "IBM": {
      "ok": true,
      "source_ticker": "IBM",
      "latest": {
        "open": 245.744995,
        "high": 250.850006,
        "low": 244.955002,
        "close": 250.059998,
        "volume": 4541060.0
      },
      "indicators": {
        "sma20": 260.018,
        "sma50": 284.549801,
        "rsi14": 41.901659,
        "macd": {
          "macd": -13.918191,
          "signal": -14.078887,
          "hist": 0.160696
        },
        "atr14": 10.624587
      },
      "samples": 251
    },
    "BRK.B": {
      "ok": true,
      "source_ticker": "BRK-B",
      "latest": {
        "open": 481.0,
        "high": 489.179993,
        "low": 479.880005,
        "close": 487.480011,
        "volume": 3317300.0
      },