{
  "generated_at": "2026-03-05T18:54:40.442564+00:00",
  "source": "yahoo_chart_v8",
  "count": 17,
  "signals": {
    "AAPL": {
      "ok": true,
      "source_ticker": "AAPL",
      "latest": {
        "open": 260.744995,
        "high": 261.554993,
        "low": 257.994995,
        "close": 258.01709,
        "volume": 24127839.0
      },
      "indicators": {
        "sma20": 267.370854,
        "sma50": 264.51254,
        "rsi14": 41.49983,
        "macd": {
          "macd": -0.523262,
          "signal": 0.459122,
          "hist": -0.982385
        },
        "atr14": 6.258063
      },
      "samples": 252
    },
    "AVGO": {
      "ok": true,
      "source_ticker": "AVGO",
      "latest": {
        "open": 330.174988,
        "high": 336.119995,
        "low": 323.029999,
        "close": 326.48999,
        "volume": 38932504.0
      },
      "indicators": {
        "sma20": 328.283502,
        "sma50": 334.4134,
        "rsi14": 48.607065,
        "macd": {
          "macd": -4.142538,
          "signal": -3.68512,
          "hist": -0.457418
        },
        "atr14": 14.359594
      },
      "samples": 252
    },
    "BBAI": {
      "ok": true,
      "source_ticker": "BBAI",
      "latest": {
        "open": 3.77,
        "high": 4.0399,
        "low": 3.73,
        "close": 3.915,
        "volume": 36227986.0
      },
      "indicators": {
        "sma20": 4.11075,
        "sma50": 5.1315,
        "rsi14": 40.323225,
        "macd": {
          "macd": -0.364727,
          "signal": -0.410906,
          "hist": 0.046178
        },
        "atr14": 0.351765
      },
      "samples": 252
    },
    "KTOS": {
      "ok": true,
      "source_ticker": "KTOS",
      "latest": {
        "open": 88.989998,
        "high": 89.489998,
        "low": 82.449997,
        "close": 83.32,
        "volume": 2550799.0
      },
      "indicators": {
        "sma20": 91.5215,
        "sma50": 97.6714,
        "rsi14": 41.059596,
        "macd": {
          "macd": -3.188746,
          "signal": -2.447818,
          "hist": -0.740928
        },
        "atr14": 7.602655
      },
      "samples": 252
    },
    "MSFT": {
      "ok": true,
      "source_ticker": "MSFT",
      "latest": {
        "open": 404.434998,
        "high": 411.609985,
        "low": 404.399994,
        "close": 408.198395,
        "volume": 21072084.0
      },
      "indicators": {
        "sma20": 400.28842,
        "sma50": 439.222968,
        "rsi14": 46.798658,
        "macd": {
          "macd": -9.976537,
          "signal": -13.754157,
          "hist": 3.777619
        },
        "atr14": 10.853557
      },
      "samples": 252
    },
    "NVDA": {
      "ok": true,
      "source_ticker": "NVDA",
      "latest": {
        "open": 181.169998,
        "high": 184.059998,
        "low": 177.889999,
        "close": 179.526199,
        "volume": 127645870.0
      },
      "indicators": {
        "sma20": 185.67381,
        "sma50": 186.047124,
        "rsi14": 44.089837,
        "macd": {
          "macd": -1.032854,
          "signal": -0.030719,
          "hist": -1.002136
        },
        "atr14": 6.371061
      },
      "samples": 252
    },
    "ONDS": {
      "ok": true,
      "source_ticker": "ONDS",
      "latest": {
        "open": 10.5,
        "high": 10.92,
        "low": 10.06,
        "close": 10.1976,
        "volume": 56553736.0
      },
      "indicators": {
        "sma20": 10.05288,
        "sma50": 10.909752,
        "rsi14": 48.465589,
        "macd": {
          "macd": -0.107534,
          "signal": -0.147717,
          "hist": 0.040184
        },
        "atr14": 1.146672
      },
      "samples": 252
    },
    "PLTR": {
      "ok": true,
      "source_ticker": "PLTR",
      "latest": {
        "open": 152.800003,
        "high": 156.380005,
        "low": 149.610001,
        "close": 150.520004,
        "volume": 36135876.0
      },
      "indicators": {
        "sma20": 137.297001,
        "sma50": 158.113,
        "rsi14": 55.137996,
        "macd": {
          "macd": -2.443528,
          "signal": -6.017549,
          "hist": 3.574021
        },
        "atr14": 7.501448
      },
      "samples": 252
    },
    "RDW": {
      "ok": true,
      "source_ticker": "RDW",
      "latest": {
        "open": 9.2,
        "high": 9.519,
        "low": 8.67,
        "close": 8.835,
        "volume": 9795281.0
      },
      "indicators": {
        "sma20": 8.82925,
        "sma50": 9.7315,
        "rsi14": 47.177391,
        "macd": {
          "macd": -0.23316,
          "signal": -0.30632,
          "hist": 0.07316
        },
        "atr14": 0.998168
      },
      "samples": 252
    },
    "RKLB": {
      "ok": true,
      "source_ticker": "RKLB",
      "latest": {
        "open": 70.919998,
        "high": 72.309998,
        "low": 67.339996,
        "close": 68.815002,
        "volume": 10421742.0
      },
      "indicators": {
        "sma20": 70.76425,
        "sma50": 77.557501,
        "rsi14": 44.704539,
        "macd": {
          "macd": -1.722218,
          "signal": -1.742508,
          "hist": 0.020289
        },
        "atr14": 5.871388
      },
      "samples": 252
    },
    "TSLA": {
      "ok": true,
      "source_ticker": "TSLA",
      "latest": {
        "open": 401.570007,
        "high": 408.619904,
        "low": 399.420013,
        "close": 400.390015,
        "volume": 35730313.0
      },
      "indicators": {
        "sma20": 409.944499,
        "sma50": 429.7466,
        "rsi14": 42.793618,
        "macd": {
          "macd": -7.49508,
          "signal": -7.390082,
          "hist": -0.104999
        },
        "atr14": 14.320898
      },
      "samples": 252
    },
    "TSM": {
      "ok": true,
      "source_ticker": "TSM",
      "latest": {
        "open": 354.899994,
        "high": 359.470001,
        "low": 343.799988,
        "close": 345.11499,
        "volume": 11124321.0
      },
      "indicators": {
        "sma20": 364.127252,
        "sma50": 339.687499,
        "rsi14": 44.039488,
        "macd": {
          "macd": 6.060668,
          "signal": 10.207669,
          "hist": -4.147
        },
        "atr14": 13.430072
      },
      "samples": 252
    },
    "UUUU": {
      "ok": true,
      "source_ticker": "UUUU",
      "latest": {
        "open": 21.549999,
        "high": 21.549999,
        "low": 19.625,
        "close": 19.9,
        "volume": 11250285.0
      },
      "indicators": {
        "sma20": 21.595,
        "sma50": 20.6564,
        "rsi14": 45.187875,
        "macd": {
          "macd": 0.073129,
          "signal": 0.31247,
          "hist": -0.239341
        },
        "atr14": 2.178752
      },
      "samples": 252
    },
    "GOOG": {
      "ok": true,
      "source_ticker": "GOOG",
      "latest": {
        "open": 303.089996,
        "high": 303.369995,
        "low": 298.070007,
        "close": 298.309998,
        "volume": 13011905.0
      },
      "indicators": {
        "sma20": 310.764998,
        "sma50": 320.404599,
        "rsi14": 34.368819,
        "macd": {
          "macd": -5.437006,
          "signal": -4.481308,
          "hist": -0.955698
        },
        "atr14": 8.452795
      },
      "samples": 252
    },
    "IBM": {
      "ok": true,
      "source_ticker": "IBM",
      "latest": {
        "open": 249.320007,
        "high": 260.380005,
        "low": 249.0,
        "close": 256.049988,
        "volume": 5092414.0
      },
      "indicators": {
        "sma20": 258.368,
        "sma50": 283.6512,
        "rsi14": 45.752474,
        "macd": {
          "macd": -12.325922,
          "signal": -13.728294,
          "hist": 1.402372
        },
        "atr14": 10.678214
      },
      "samples": 252
    },
    "BRK.B": {
      "ok": true,
      "source_ticker": "BRK-B",
      "latest": {
        "open": 493.75,
        "high": 499.690002,
        "low": 492.519989,
        "close": 497.51001,
        "volume": 3978037.0
      },