{
  "generated_at": "2026-03-09T18:58:37.844732+00:00",
  "source": "yahoo_chart_v8",
  "count": 17,
  "signals": {
    "AAPL": {
      "ok": true,
      "source_ticker": "AAPL",
      "latest": {
        "open": 255.690002,
        "high": 258.269989,
        "low": 253.680496,
        "close": 257.540009,
        "volume": 20475733.0
      },
      "indicators": {
        "sma20": 265.533,
        "sma50": 263.991399,
        "rsi14": 40.935868,
        "macd": {
          "macd": -1.37764,
          "signal": -0.107633,
          "hist": -1.270006
        },
        "atr14": 6.162342
      },
      "samples": 251
    },
    "AVGO": {
      "ok": true,
      "source_ticker": "AVGO",
      "latest": {
        "open": 327.25,
        "high": 346.659912,
        "low": 323.610107,
        "close": 341.799988,
        "volume": 25949816.0
      },
      "indicators": {
        "sma20": 330.040001,
        "sma50": 334.1692,
        "rsi14": 57.501993,
        "macd": {
          "macd": -1.446497,
          "signal": -3.053392,
          "hist": 1.606895
        },
        "atr14": 15.096423
      },
      "samples": 251
    },
    "BBAI": {
      "ok": true,
      "source_ticker": "BBAI",
      "latest": {
        "open": 4.16,
        "high": 4.1999,
        "low": 3.97,
        "close": 4.0983,
        "volume": 28467158.0
      },
      "indicators": {
        "sma20": 4.094415,
        "sma50": 5.050766,
        "rsi14": 44.569811,
        "macd": {
          "macd": -0.285947,
          "signal": -0.368713,
          "hist": 0.082767
        },
        "atr14": 0.353777
      },
      "samples": 251
    },
    "KTOS": {
      "ok": true,
      "source_ticker": "KTOS",
      "latest": {
        "open": 88.18,
        "high": 93.199997,
        "low": 87.200104,
        "close": 91.739998,
        "volume": 3480107.0
      },
      "indicators": {
        "sma20": 91.5865,
        "sma50": 98.014,
        "rsi14": 48.725961,
        "macd": {
          "macd": -2.706791,
          "signal": -2.576871,
          "hist": -0.12992
        },
        "atr14": 7.623429
      },
      "samples": 251
    },
    "MSFT": {
      "ok": true,
      "source_ticker": "MSFT",
      "latest": {
        "open": 404.915009,
        "high": 409.170013,
        "low": 403.5,
        "close": 404.999908,
        "volume": 18414610.0
      },
      "indicators": {
        "sma20": 401.369994,
        "sma50": 436.116398,
        "rsi14": 44.941961,
        "macd": {
          "macd": -7.8054,
          "signal": -11.706355,
          "hist": 3.900955
        },
        "atr14": 10.064546
      },
      "samples": 251
    },
    "NVDA": {
      "ok": true,
      "source_ticker": "NVDA",
      "latest": {
        "open": 176.830002,
        "high": 180.910004,
        "low": 175.559998,
        "close": 179.384995,
        "volume": 115784245.0
      },
      "indicators": {
        "sma20": 185.860249,
        "sma50": 185.8095,
        "rsi14": 44.288252,
        "macd": {
          "macd": -1.470523,
          "signal": -0.470409,
          "hist": -1.000113
        },
        "atr14": 6.308622
      },
      "samples": 251
    },
    "ONDS": {
      "ok": true,
      "source_ticker": "ONDS",
      "latest": {
        "open": 9.99,
        "high": 10.005,
        "low": 9.2,
        "close": 9.48,
        "volume": 75830899.0
      },
      "indicators": {
        "sma20": 10.1245,
        "sma50": 10.9372,
        "rsi14": 43.797752,
        "macd": {
          "macd": -0.173884,
          "signal": -0.145466,
          "hist": -0.028418
        },
        "atr14": 1.168916
      },
      "samples": 251
    },
    "PLTR": {
      "ok": true,
      "source_ticker": "PLTR",
      "latest": {
        "open": 155.690002,
        "high": 158.440002,
        "low": 152.970001,
        "close": 154.634995,
        "volume": 35000851.0
      },
      "indicators": {
        "sma20": 139.698751,
        "sma50": 156.6297,
        "rsi14": 58.010076,
        "macd": {
          "macd": -0.120633,
          "signal": -4.006832,
          "hist": 3.886199
        },
        "atr14": 7.599004
      },
      "samples": 251
    },
    "RDW": {
      "ok": true,
      "source_ticker": "RDW",
      "latest": {
        "open": 8.71,
        "high": 9.44,
        "low": 8.64,
        "close": 9.175,
        "volume": 15829885.0
      },
      "indicators": {
        "sma20": 8.78525,
        "sma50": 9.7601,
        "rsi14": 49.777184,
        "macd": {
          "macd": -0.202822,
          "signal": -0.272191,
          "hist": 0.06937
        },
        "atr14": 0.988574
      },
      "samples": 251
    },
    "RKLB": {
      "ok": true,
      "source_ticker": "RKLB",
      "latest": {
        "open": 69.18,
        "high": 71.760002,
        "low": 67.82,
        "close": 69.239998,
        "volume": 13069461.0
      },
      "indicators": {
        "sma20": 70.859,
        "sma50": 77.2736,
        "rsi14": 45.063021,
        "macd": {
          "macd": -1.61564,
          "signal": -1.680984,
          "hist": 0.065344
        },
        "atr14": 5.80663
      },
      "samples": 251
    },
    "TSLA": {
      "ok": true,
      "source_ticker": "TSLA",
      "latest": {
        "open": 390.049988,
        "high": 393.730011,
        "low": 381.399994,
        "close": 392.390015,
        "volume": 49839873.0
      },
      "indicators": {
        "sma20": 409.2425,
        "sma50": 426.1464,
        "rsi14": 39.202407,
        "macd": {
          "macd": -7.855987,
          "signal": -7.427296,
          "hist": -0.428691
        },
        "atr14": 14.195271
      },
      "samples": 251
    },
    "TSM": {
      "ok": true,
      "source_ticker": "TSM",
      "latest": {
        "open": 335.600006,
        "high": 344.070007,
        "low": 331.920013,
        "close": 342.054993,
        "volume": 13740507.0
      },
      "indicators": {
        "sma20": 364.632751,
        "sma50": 341.676699,
        "rsi14": 42.943104,
        "macd": {
          "macd": 2.502848,
          "signal": 7.804033,
          "hist": -5.301185
        },
        "atr14": 13.586693
      },
      "samples": 251
    },
    "UUUU": {
      "ok": true,
      "source_ticker": "UUUU",
      "latest": {
        "open": 18.639999,
        "high": 19.709999,
        "low": 18.3603,
        "close": 19.472,
        "volume": 6286186.0
      },
      "indicators": {
        "sma20": 21.5006,
        "sma50": 20.82944,
        "rsi14": 44.382624,
        "macd": {
          "macd": -0.247335,
          "signal": 0.13683,
          "hist": -0.384165
        },
        "atr14": 2.098084
      },
      "samples": 251
    },
    "GOOG": {
      "ok": true,
      "source_ticker": "GOOG",
      "latest": {
        "open": 294.140015,
        "high": 302.529999,
        "low": 293.98999,
        "close": 301.859985,
        "volume": 12168366.0
      },
      "indicators": {
        "sma20": 308.181497,
        "sma50": 319.919599,
        "rsi14": 39.128534,
        "macd": {
          "macd": -5.55367,
          "signal": -4.849241,
          "hist": -0.704429
        },
        "atr14": 8.273788
      },
      "samples": 251
    },
    "IBM": {
      "ok": true,
      "source_ticker": "IBM",
      "latest": {
        "open": 255.380005,
        "high": 258.079987,
        "low": 252.0,
        "close": 253.0,
        "volume": 3500393.0
      },
      "indicators": {
        "sma20": 254.5445,
        "sma50": 281.7668,
        "rsi14": 44.265255,
        "macd": {
          "macd": -9.773389,
          "signal": -12.445088,
          "hist": 2.671699
        },
        "atr14": 10.173408
      },
      "samples": 251
    },
    "BRK.B": {
      "ok": true,
      "source_ticker": "BRK-B",
      "latest": {
        "open": 494.899994,
        "high": 496.190002,
        "low": 490.209991,
        "close": 494.019989,
        "volume": 3194661.0
      },
      "indicators": {
        "sma20": 496.310001,