{
  "generated_at": "2026-03-11T15:55:57.462936+00:00",
  "source": "yahoo_chart_v8",
  "count": 15,
  "signals": {
    "AAPL": {
      "ok": true,
      "source_ticker": "AAPL",
      "latest": {
        "open": 261.209991,
        "high": 262.130005,
        "low": 259.549988,
        "close": 260.740112,
        "volume": 7891829.0
      },
      "indicators": {
        "sma20": 264.313506,
        "sma50": 263.525401,
        "rsi14": 45.320748,
        "macd": {
          "macd": -1.385505,
          "signal": -0.530791,
          "hist": -0.854714
        },
        "atr14": 6.041928
      },
      "samples": 252
    },
    "AVGO": {
      "ok": true,
      "source_ticker": "AVGO",
      "latest": {
        "open": 342.579987,
        "high": 345.799988,
        "low": 339.98999,
        "close": 341.070007,
        "volume": 6693248.0
      },
      "indicators": {
        "sma20": 330.201001,
        "sma50": 333.8742,
        "rsi14": 56.130927,
        "macd": {
          "macd": 0.841069,
          "signal": -1.738843,
          "hist": 2.579912
        },
        "atr14": 14.363005
      },
      "samples": 252
    },
    "BBAI": {
      "ok": true,
      "source_ticker": "BBAI",
      "latest": {
        "open": 4.09,
        "high": 4.27,
        "low": 4.05,
        "close": 4.1197,
        "volume": 17139602.0
      },
      "indicators": {
        "sma20": 4.037485,
        "sma50": 4.981394,
        "rsi14": 45.081071,
        "macd": {
          "macd": -0.236896,
          "signal": -0.323718,
          "hist": 0.086822
        },
        "atr14": 0.340252
      },
      "samples": 252
    },
    "KTOS": {
      "ok": true,
      "source_ticker": "KTOS",
      "latest": {
        "open": 87.029999,
        "high": 90.980003,
        "low": 86.620003,
        "close": 89.599998,
        "volume": 927072.0
      },
      "indicators": {
        "sma20": 90.9365,
        "sma50": 98.4464,
        "rsi14": 46.983178,
        "macd": {
          "macd": -2.421617,
          "signal": -2.536681,
          "hist": 0.115064
        },
        "atr14": 7.167669
      },
      "samples": 252
    },
    "NVDA": {
      "ok": true,
      "source_ticker": "NVDA",
      "latest": {
        "open": 185.919998,
        "high": 187.619995,
        "low": 184.839996,
        "close": 185.634995,
        "volume": 67462021.0
      },
      "indicators": {
        "sma20": 185.61475,
        "sma50": 185.7001,
        "rsi14": 50.96214,
        "macd": {
          "macd": -0.786001,
          "signal": -0.587721,
          "hist": -0.19828
        },
        "atr14": 6.060152
      },
      "samples": 252
    },
    "ONDS": {
      "ok": true,
      "source_ticker": "ONDS",
      "latest": {
        "open": 10.05,
        "high": 10.56,
        "low": 9.76,
        "close": 9.865,
        "volume": 50871870.0
      },
      "indicators": {
        "sma20": 10.12925,
        "sma50": 10.9873,
        "rsi14": 46.51411,
        "macd": {
          "macd": -0.16921,
          "signal": -0.149669,
          "hist": -0.019541
        },
        "atr14": 1.12461
      },
      "samples": 252
    },
    "PLTR": {
      "ok": true,
      "source_ticker": "PLTR",
      "latest": {
        "open": 151.473999,
        "high": 153.169006,
        "low": 149.330399,
        "close": 150.179993,
        "volume": 16655559.0
      },
      "indicators": {
        "sma20": 140.733501,
        "sma50": 155.0344,
        "rsi14": 52.928581,
        "macd": {
          "macd": 0.56012,
          "signal": -2.374937,
          "hist": 2.935057
        },
        "atr14": 7.258638
      },
      "samples": 252
    },
    "RDW": {
      "ok": true,
      "source_ticker": "RDW",
      "latest": {
        "open": 9.35,
        "high": 9.825,
        "low": 9.24,
        "close": 9.575,
        "volume": 7842346.0
      },
      "indicators": {
        "sma20": 8.77575,
        "sma50": 9.8463,
        "rsi14": 52.174718,
        "macd": {
          "macd": -0.090974,
          "signal": -0.209913,
          "hist": 0.118939
        },
        "atr14": 0.94549
      },
      "samples": 252
    },
    "RKLB": {
      "ok": true,
      "source_ticker": "RKLB",
      "latest": {
        "open": 68.800003,
        "high": 73.300003,
        "low": 68.330002,
        "close": 72.0,
        "volume": 10431005.0
      },
      "indicators": {
        "sma20": 70.624001,
        "sma50": 77.180401,
        "rsi14": 49.554091,
        "macd": {
          "macd": -1.291594,
          "signal": -1.551655,
          "hist": 0.26006
        },
        "atr14": 5.670349
      },
      "samples": 252
    },
    "TSLA": {
      "ok": true,
      "source_ticker": "TSLA",
      "latest": {
        "open": 402.220001,
        "high": 416.379913,
        "low": 402.149994,
        "close": 408.049988,
        "volume": 34897757.0
      },
      "indicators": {
        "sma20": 407.794998,
        "sma50": 423.206199,
        "rsi14": 48.241073,
        "macd": {
          "macd": -6.318612,
          "signal": -7.107158,
          "hist": 0.788546
        },
        "atr14": 14.320544
      },
      "samples": 252
    },
    "TSM": {
      "ok": true,
      "source_ticker": "TSM",
      "latest": {
        "open": 353.929993,
        "high": 357.350006,
        "low": 350.360107,
        "close": 354.845001,
        "volume": 5465516.0
      },
      "indicators": {
        "sma20": 364.195752,
        "sma50": 343.815499,
        "rsi14": 50.290527,
        "macd": {
          "macd": 1.627459,
          "signal": 5.693559,
          "hist": -4.0661
        },
        "atr14": 13.385724
      },
      "samples": 252
    },
    "UUUU": {
      "ok": true,
      "source_ticker": "UUUU",
      "latest": {
        "open": 20.155001,
        "high": 21.08,
        "low": 20.040001,
        "close": 20.35,
        "volume": 3390613.0
      },
      "indicators": {
        "sma20": 21.3105,
        "sma50": 21.0558,
        "rsi14": 47.263152,
        "macd": {
          "macd": -0.286749,
          "signal": -0.007144,
          "hist": -0.279605
        },
        "atr14": 2.003607
      },
      "samples": 252
    },
    "GOOG": {
      "ok": true,
      "source_ticker": "GOOG",
      "latest": {
        "open": 306.285004,
        "high": 311.069,
        "low": 305.876709,
        "close": 308.910004,
        "volume": 4822678.0
      },
      "indicators": {
        "sma20": 307.029498,
        "sma50": 319.706799,
        "rsi14": 47.327811,
        "macd": {
          "macd": -4.236838,
          "signal": -4.674755,
          "hist": 0.437917
        },
        "atr14": 8.007806
      },
      "samples": 252
    },
    "LITE": {
      "ok": true,
      "source_ticker": "LITE",
      "latest": {
        "open": 651.099976,
        "high": 675.579895,
        "low": 637.010071,
        "close": 664.804993,
        "volume": 2512186.0
      },
      "indicators": {
        "sma20": 651.39675,
        "sma50": 497.3377,
        "rsi14": 56.522415,
        "macd": {
          "macd": 46.045099,
          "signal": 59.547807,
          "hist": -13.502708
        },
        "atr14": 61.684123
      },
      "samples": 252
    },
    "COHR": {
      "ok": true,
      "source_ticker": "COHR",
      "latest": {
        "open": 251.539993,
        "high": 258.0,
        "low": 242.822006,
        "close": 249.880005,
        "volume": 3973941.0
      },
      "indicators": {
        "sma20": 248.463,
        "sma50": 220.39,
        "rsi14": 52.295912,
        "macd": {
          "macd": 10.97857,
          "signal": 13.665461,
          "hist": -2.686891
        },
        "atr14": 21.807958
      },
      "samples": 252
    }
  }
}
