{
  "generated_at": "2026-03-06T00:33:14.116603+00:00",
  "source": "yahoo_chart_v8",
  "count": 17,
  "signals": {
    "AAPL": {
      "ok": true,
      "source_ticker": "AAPL",
      "latest": {
        "open": 260.744995,
        "high": 261.554993,
        "low": 257.25,
        "close": 260.290009,
        "volume": 49424671.0
      },
      "indicators": {
        "sma20": 267.4845,
        "sma50": 264.557999,
        "rsi14": 43.631621,
        "macd": {
          "macd": -0.341947,
          "signal": 0.495385,
          "hist": -0.837332
        },
        "atr14": 6.311277
      },
      "samples": 251
    },
    "AVGO": {
      "ok": true,
      "source_ticker": "AVGO",
      "latest": {
        "open": 330.174988,
        "high": 336.119995,
        "low": 323.029999,
        "close": 332.769989,
        "volume": 56905445.0
      },
      "indicators": {
        "sma20": 328.597502,
        "sma50": 334.539,
        "rsi14": 52.492454,
        "macd": {
          "macd": -3.64157,
          "signal": -3.584927,
          "hist": -0.056643
        },
        "atr14": 14.359594
      },
      "samples": 251
    },
    "BBAI": {
      "ok": true,
      "source_ticker": "BBAI",
      "latest": {
        "open": 3.77,
        "high": 4.05,
        "low": 3.73,
        "close": 4.04,
        "volume": 51968201.0
      },
      "indicators": {
        "sma20": 4.117,
        "sma50": 5.134,
        "rsi14": 42.929614,
        "macd": {
          "macd": -0.354756,
          "signal": -0.408912,
          "hist": 0.054156
        },
        "atr14": 0.352487
      },
      "samples": 251
    },
    "KTOS": {
      "ok": true,
      "source_ticker": "KTOS",
      "latest": {
        "open": 88.989998,
        "high": 89.489998,
        "low": 82.449997,
        "close": 85.540001,
        "volume": 4548238.0
      },
      "indicators": {
        "sma20": 91.6325,
        "sma50": 97.7158,
        "rsi14": 42.600046,
        "macd": {
          "macd": -3.011652,
          "signal": -2.412399,
          "hist": -0.599253
        },
        "atr14": 7.602655
      },
      "samples": 251
    },
    "MSFT": {
      "ok": true,
      "source_ticker": "MSFT",
      "latest": {
        "open": 404.434998,
        "high": 411.609985,
        "low": 404.399994,
        "close": 410.679993,
        "volume": 38460684.0
      },
      "indicators": {
        "sma20": 400.4125,
        "sma50": 439.2726,
        "rsi14": 48.353754,
        "macd": {
          "macd": -9.778575,
          "signal": -13.714564,
          "hist": 3.935989
        },
        "atr14": 10.853557
      },
      "samples": 251
    },
    "NVDA": {
      "ok": true,
      "source_ticker": "NVDA",
      "latest": {
        "open": 181.169998,
        "high": 184.059998,
        "low": 177.889999,
        "close": 183.339996,
        "volume": 190766610.0
      },
      "indicators": {
        "sma20": 185.8645,
        "sma50": 186.1234,
        "rsi14": 47.661788,
        "macd": {
          "macd": -0.72862,
          "signal": 0.030128,
          "hist": -0.758748
        },
        "atr14": 6.371061
      },
      "samples": 251
    },
    "ONDS": {
      "ok": true,
      "source_ticker": "ONDS",
      "latest": {
        "open": 10.5,
        "high": 10.92,
        "low": 10.06,
        "close": 10.49,
        "volume": 85245594.0
      },
      "indicators": {
        "sma20": 10.0675,
        "sma50": 10.9156,
        "rsi14": 50.369877,
        "macd": {
          "macd": -0.084208,
          "signal": -0.143052,
          "hist": 0.058844
        },
        "atr14": 1.146672
      },
      "samples": 251
    },
    "PLTR": {
      "ok": true,
      "source_ticker": "PLTR",
      "latest": {
        "open": 152.800003,
        "high": 156.380005,
        "low": 149.610001,
        "close": 152.669998,
        "volume": 50250313.0
      },
      "indicators": {
        "sma20": 137.404501,
        "sma50": 158.156,
        "rsi14": 57.382293,
        "macd": {
          "macd": -2.272018,
          "signal": -5.983247,
          "hist": 3.711229
        },
        "atr14": 7.501448
      },
      "samples": 251
    },
    "RDW": {
      "ok": true,
      "source_ticker": "RDW",
      "latest": {
        "open": 9.2,
        "high": 9.519,
        "low": 8.67,
        "close": 9.07,
        "volume": 13727133.0
      },
      "indicators": {
        "sma20": 8.841,
        "sma50": 9.7362,
        "rsi14": 48.646786,
        "macd": {
          "macd": -0.214414,
          "signal": -0.302571,
          "hist": 0.088157
        },
        "atr14": 0.998168
      },
      "samples": 251
    },
    "RKLB": {
      "ok": true,
      "source_ticker": "RKLB",
      "latest": {
        "open": 70.919998,
        "high": 72.309998,
        "low": 67.339996,
        "close": 70.0,
        "volume": 14211398.0
      },
      "indicators": {
        "sma20": 70.8235,
        "sma50": 77.581201,
        "rsi14": 46.059623,
        "macd": {
          "macd": -1.627689,
          "signal": -1.723602,
          "hist": 0.095913
        },
        "atr14": 5.871388
      },
      "samples": 251
    },
    "TSLA": {
      "ok": true,
      "source_ticker": "TSLA",
      "latest": {
        "open": 401.570007,
        "high": 408.619904,
        "low": 399.420013,
        "close": 405.549988,
        "volume": 51653564.0
      },
      "indicators": {
        "sma20": 410.202498,
        "sma50": 429.8498,
        "rsi14": 45.066656,
        "macd": {
          "macd": -7.083458,
          "signal": -7.307757,
          "hist": 0.224299
        },
        "atr14": 14.320898
      },
      "samples": 251
    },
    "TSM": {
      "ok": true,
      "source_ticker": "TSM",
      "latest": {
        "open": 354.899994,
        "high": 359.470001,
        "low": 343.799988,
        "close": 353.859985,
        "volume": 16200662.0
      },
      "indicators": {
        "sma20": 364.564502,
        "sma50": 339.862399,
        "rsi14": 48.359224,
        "macd": {
          "macd": 6.758275,
          "signal": 10.34719,
          "hist": -3.588915
        },
        "atr14": 13.430072
      },
      "samples": 251
    },
    "UUUU": {
      "ok": true,
      "source_ticker": "UUUU",
      "latest": {
        "open": 21.549999,
        "high": 21.549999,
        "low": 19.625,
        "close": 20.32,
        "volume": 14611789.0
      },
      "indicators": {
        "sma20": 21.616,
        "sma50": 20.6648,
        "rsi14": 46.266524,
        "macd": {
          "macd": 0.106633,
          "signal": 0.31917,
          "hist": -0.212538
        },
        "atr14": 2.178752
      },
      "samples": 251
    },
    "GOOG": {
      "ok": true,
      "source_ticker": "GOOG",
      "latest": {
        "open": 303.089996,
        "high": 303.369995,
        "low": 298.070007,
        "close": 300.910004,
        "volume": 22541297.0
      },
      "indicators": {
        "sma20": 310.894998,
        "sma50": 320.456599,
        "rsi14": 36.212439,
        "macd": {
          "macd": -5.229598,
          "signal": -4.439826,
          "hist": -0.789772
        },
        "atr14": 8.452795
      },
      "samples": 251
    },
    "IBM": {
      "ok": true,
      "source_ticker": "IBM",
      "latest": {
        "open": 249.320007,
        "high": 260.380005,
        "low": 249.0,
        "close": 256.549988,
        "volume": 9889552.0
      },
      "indicators": {
        "sma20": 258.393,
        "sma50": 283.6612,
        "rsi14": 46.050955,
        "macd": {
          "macd": -12.286036,
          "signal": -13.720317,
          "hist": 1.434281
        },
        "atr14": 10.678214
      },
      "samples": 251
    },
    "BRK.B": {
      "ok": true,
      "source_ticker": "BRK-B",
      "latest": {
        "open": 493.75,
        "high": 500.839996,
        "low": 492.519989,
        "close": 500.399994,
        "volume": 8898408.0
      },
      "indicators": {
        "sma20": 497.259001,