{
  "generated_at": "2026-03-10T15:55:57.312013+00:00",
  "source": "yahoo_chart_v8",
  "count": 15,
  "signals": {
    "AAPL": {
      "ok": true,
      "source_ticker": "AAPL",
      "latest": {
        "open": 257.695007,
        "high": 261.779999,
        "low": 256.950012,
        "close": 261.149994,
        "volume": 9187278.0
      },
      "indicators": {
        "sma20": 264.9765,
        "sma50": 263.784999,
        "rsi14": 45.849557,
        "macd": {
          "macd": -1.278835,
          "signal": -0.312007,
          "hist": -0.966828
        },
        "atr14": 6.258228
      },
      "samples": 252
    },
    "AVGO": {
      "ok": true,
      "source_ticker": "AVGO",
      "latest": {
        "open": 348.51001,
        "high": 353.140015,
        "low": 346.362488,
        "close": 347.019989,
        "volume": 11860340.0
      },
      "indicators": {
        "sma20": 330.391501,
        "sma50": 334.1842,
        "rsi14": 60.002225,
        "macd": {
          "macd": 0.396569,
          "signal": -2.312984,
          "hist": 2.709552
        },
        "atr14": 14.667356
      },
      "samples": 252
    },
    "BBAI": {
      "ok": true,
      "source_ticker": "BBAI",
      "latest": {
        "open": 4.26,
        "high": 4.28,
        "low": 4.11,
        "close": 4.115,
        "volume": 11821248.0
      },
      "indicators": {
        "sma20": 4.06175,
        "sma50": 5.0145,
        "rsi14": 44.731308,
        "macd": {
          "macd": -0.255167,
          "signal": -0.344706,
          "hist": 0.089539
        },
        "atr14": 0.341645
      },
      "samples": 252
    },
    "KTOS": {
      "ok": true,
      "source_ticker": "KTOS",
      "latest": {
        "open": 91.440002,
        "high": 92.279999,
        "low": 88.660004,
        "close": 90.955002,
        "volume": 1099930.0
      },
      "indicators": {
        "sma20": 91.23025,
        "sma50": 98.2483,
        "rsi14": 48.018679,
        "macd": {
          "macd": -2.40719,
          "signal": -2.533617,
          "hist": 0.126427
        },
        "atr14": 7.382215
      },
      "samples": 252
    },
    "NVDA": {
      "ok": true,
      "source_ticker": "NVDA",
      "latest": {
        "open": 182.399994,
        "high": 186.440002,
        "low": 182.010101,
        "close": 185.679993,
        "volume": 77897908.0
      },
      "indicators": {
        "sma20": 185.805499,
        "sma50": 185.8162,
        "rsi14": 50.941331,
        "macd": {
          "macd": -0.944891,
          "signal": -0.523633,
          "hist": -0.421259
        },
        "atr14": 6.30708
      },
      "samples": 252
    },
    "ONDS": {
      "ok": true,
      "source_ticker": "ONDS",
      "latest": {
        "open": 9.82,
        "high": 10.345,
        "low": 9.575,
        "close": 10.2699,
        "volume": 39654272.0
      },
      "indicators": {
        "sma20": 10.132995,
        "sma50": 10.964798,
        "rsi14": 49.462025,
        "macd": {
          "macd": -0.13664,
          "signal": -0.140638,
          "hist": 0.003998
        },
        "atr14": 1.14208
      },
      "samples": 252
    },
    "PLTR": {
      "ok": true,
      "source_ticker": "PLTR",
      "latest": {
        "open": 155.979996,
        "high": 156.657104,
        "low": 150.139999,
        "close": 150.860001,
        "volume": 23643392.0
      },
      "indicators": {
        "sma20": 140.186001,
        "sma50": 155.7994,
        "rsi14": 53.689881,
        "macd": {
          "macd": 0.346933,
          "signal": -3.113168,
          "hist": 3.460102
        },
        "atr14": 7.521725
      },
      "samples": 252
    },
    "RDW": {
      "ok": true,
      "source_ticker": "RDW",
      "latest": {
        "open": 9.5,
        "high": 9.7,
        "low": 9.26,
        "close": 9.58,
        "volume": 4841164.0
      },
      "indicators": {
        "sma20": 8.7835,
        "sma50": 9.8048,
        "rsi14": 52.239649,
        "macd": {
          "macd": -0.111867,
          "signal": -0.234064,
          "hist": 0.122197
        },
        "atr14": 0.965308
      },
      "samples": 252
    },
    "RKLB": {
      "ok": true,
      "source_ticker": "RKLB",
      "latest": {
        "open": 70.339996,
        "high": 72.934998,
        "low": 69.190002,
        "close": 71.684998,
        "volume": 9499352.0
      },
      "indicators": {
        "sma20": 70.76325,
        "sma50": 77.208501,
        "rsi14": 48.639105,
        "macd": {
          "macd": -1.282593,
          "signal": -1.572715,
          "hist": 0.290122
        },
        "atr14": 5.68358
      },
      "samples": 252
    },
    "TSLA": {
      "ok": true,
      "source_ticker": "TSLA",
      "latest": {
        "open": 402.054993,
        "high": 406.579987,
        "low": 400.858093,
        "close": 402.518005,
        "volume": 29326855.0
      },
      "indicators": {
        "sma20": 408.816899,
        "sma50": 424.61456,
        "rsi14": 44.71043,
        "macd": {
          "macd": -6.95221,
          "signal": -7.251996,
          "hist": 0.299786
        },
        "atr14": 14.067954
      },
      "samples": 252
    },
    "TSM": {
      "ok": true,
      "source_ticker": "TSM",
      "latest": {
        "open": 348.470001,
        "high": 353.5,
        "low": 344.309998,
        "close": 351.559998,
        "volume": 7267419.0
      },
      "indicators": {
        "sma20": 364.772502,
        "sma50": 342.864799,
        "rsi14": 48.295771,
        "macd": {
          "macd": 2.266798,
          "signal": 6.7814,
          "hist": -4.514602
        },
        "atr14": 13.626163
      },
      "samples": 252
    },
    "UUUU": {
      "ok": true,
      "source_ticker": "UUUU",
      "latest": {
        "open": 20.25,
        "high": 21.264999,
        "low": 20.1,
        "close": 21.094999,
        "volume": 4846781.0
      },
      "indicators": {
        "sma20": 21.42025,
        "sma50": 20.9573,
        "rsi14": 49.537308,
        "macd": {
          "macd": -0.19631,
          "signal": 0.075282,
          "hist": -0.271592
        },
        "atr14": 2.073088
      },
      "samples": 252
    },
    "GOOG": {
      "ok": true,
      "source_ticker": "GOOG",
      "latest": {
        "open": 305.875,
        "high": 309.149994,
        "low": 305.309998,
        "close": 308.545013,
        "volume": 4731291.0
      },
      "indicators": {
        "sma20": 307.596249,
        "sma50": 319.860099,
        "rsi14": 46.790942,
        "macd": {
          "macd": -4.660216,
          "signal": -4.758467,
          "hist": 0.098251
        },
        "atr14": 8.224385
      },
      "samples": 252
    },
    "LITE": {
      "ok": true,
      "source_ticker": "LITE",
      "latest": {
        "open": 675.0,
        "high": 715.72998,
        "low": 673.0,
        "close": 688.400024,
        "volume": 4648787.0
      },
      "indicators": {
        "sma20": 647.033002,
        "sma50": 492.185001,
        "rsi14": 58.625551,
        "macd": {
          "macd": 49.930936,
          "signal": 63.185137,
          "hist": -13.254201
        },
        "atr14": 63.462146
      },
      "samples": 252
    },
    "COHR": {
      "ok": true,
      "source_ticker": "COHR",
      "latest": {
        "open": 259.0,
        "high": 272.470001,
        "low": 258.179993,
        "close": 266.165009,
        "volume": 4287750.0
      },
      "indicators": {
        "sma20": 247.663749,
        "sma50": 219.337299,
        "rsi14": 57.289098,
        "macd": {
          "macd": 12.774397,
          "signal": 14.425331,
          "hist": -1.650935
        },
        "atr14": 22.106307
      },
      "samples": 252
    }
  }
}
