{
  "generated_at": "2026-03-17T13:44:08.340021+00:00",
  "source": "yahoo_chart_v8",
  "count": 15,
  "signals": {
    "AAPL": {
      "ok": true,
      "source_ticker": "AAPL",
      "latest": {
        "open": 253.078506,
        "high": 254.419998,
        "low": 252.179993,
        "close": 254.360001,
        "volume": 2299973.0
      },
      "indicators": {
        "sma20": 262.125499,
        "sma50": 261.993799,
        "rsi14": 40.964383,
        "macd": {
          "macd": -3.099484,
          "signal": -1.83253,
          "hist": -1.266954
        },
        "atr14": 5.716526
      },
      "samples": 252
    },
    "AVGO": {
      "ok": true,
      "source_ticker": "AVGO",
      "latest": {
        "open": 325.619995,
        "high": 327.440002,
        "low": 324.200012,
        "close": 324.605011,
        "volume": 1548478.0
      },
      "indicators": {
        "sma20": 329.02675,
        "sma50": 332.1781,
        "rsi14": 45.98344,
        "macd": {
          "macd": -0.843591,
          "signal": -0.816201,
          "hist": -0.02739
        },
        "atr14": 13.186694
      },
      "samples": 252
    },
    "BBAI": {
      "ok": true,
      "source_ticker": "BBAI",
      "latest": {
        "open": 4.0,
        "high": 4.06,
        "low": 3.94,
        "close": 4.055,
        "volume": 3526252.0
      },
      "indicators": {
        "sma20": 4.00975,
        "sma50": 4.8531,
        "rsi14": 44.912856,
        "macd": {
          "macd": -0.194358,
          "signal": -0.255792,
          "hist": 0.061434
        },
        "atr14": 0.303529
      },
      "samples": 252
    },
    "KTOS": {
      "ok": true,
      "source_ticker": "KTOS",
      "latest": {
        "open": 90.82,
        "high": 93.080002,
        "low": 90.239998,
        "close": 92.870003,
        "volume": 394393.0
      },
      "indicators": {
        "sma20": 91.079,
        "sma50": 99.4476,
        "rsi14": 51.118373,
        "macd": {
          "macd": -1.748446,
          "signal": -2.28102,
          "hist": 0.532574
        },
        "atr14": 6.538955
      },
      "samples": 252
    },
    "NVDA": {
      "ok": true,
      "source_ticker": "NVDA",
      "latest": {
        "open": 185.050003,
        "high": 185.399994,
        "low": 183.259995,
        "close": 183.940002,
        "volume": 20939113.0
      },
      "indicators": {
        "sma20": 184.9235,
        "sma50": 185.2968,
        "rsi14": 49.587902,
        "macd": {
          "macd": -0.820762,
          "signal": -0.760135,
          "hist": -0.060627
        },
        "atr14": 5.874168
      },
      "samples": 252
    },
    "ONDS": {
      "ok": true,
      "source_ticker": "ONDS",
      "latest": {
        "open": 10.54,
        "high": 10.7,
        "low": 10.37,
        "close": 10.665,
        "volume": 7021669.0
      },
      "indicators": {
        "sma20": 10.33375,
        "sma50": 11.0557,
        "rsi14": 53.080547,
        "macd": {
          "macd": -0.046123,
          "signal": -0.116185,
          "hist": 0.070062
        },
        "atr14": 1.040651
      },
      "samples": 252
    },
    "PLTR": {
      "ok": true,
      "source_ticker": "PLTR",
      "latest": {
        "open": 152.300003,
        "high": 155.529999,
        "low": 152.119995,
        "close": 155.419998,
        "volume": 3792661.0
      },
      "indicators": {
        "sma20": 144.972001,
        "sma50": 153.102,
        "rsi14": 57.739172,
        "macd": {
          "macd": 1.685721,
          "signal": -0.159033,
          "hist": 1.844754
        },
        "atr14": 6.481688
      },
      "samples": 252
    },
    "RDW": {
      "ok": true,
      "source_ticker": "RDW",
      "latest": {
        "open": 9.97,
        "high": 10.1,
        "low": 9.54,
        "close": 10.05,
        "volume": 2175140.0
      },
      "indicators": {
        "sma20": 9.057,
        "sma50": 9.9858,
        "rsi14": 55.8465,
        "macd": {
          "macd": 0.054219,
          "signal": -0.087492,
          "hist": 0.141711
        },
        "atr14": 0.891107
      },
      "samples": 252
    },
    "RKLB": {
      "ok": true,
      "source_ticker": "RKLB",
      "latest": {
        "open": 71.547997,
        "high": 74.660004,
        "low": 71.269997,
        "close": 74.57,
        "volume": 2219804.0
      },
      "indicators": {
        "sma20": 71.107,
        "sma50": 77.106401,
        "rsi14": 54.016802,
        "macd": {
          "macd": -0.845455,
          "signal": -1.340617,
          "hist": 0.495162
        },
        "atr14": 5.206581
      },
      "samples": 252
    },
    "TSLA": {
      "ok": true,
      "source_ticker": "TSLA",
      "latest": {
        "open": 395.690002,
        "high": 397.320007,
        "low": 393.0,
        "close": 396.600006,
        "volume": 5013718.0
      },
      "indicators": {
        "sma20": 403.0315,
        "sma50": 418.7318,
        "rsi14": 43.582572,
        "macd": {
          "macd": -6.716143,
          "signal": -6.943514,
          "hist": 0.227371
        },
        "atr14": 13.170965
      },
      "samples": 252
    },
    "TSM": {
      "ok": true,
      "source_ticker": "TSM",
      "latest": {
        "open": 341.25,
        "high": 341.410004,
        "low": 338.399994,
        "close": 340.5,
        "volume": 1149711.0
      },
      "indicators": {
        "sma20": 358.331502,
        "sma50": 346.444799,
        "rsi14": 44.00434,
        "macd": {
          "macd": -2.583579,
          "signal": 1.318856,
          "hist": -3.902435
        },
        "atr14": 12.136915
      },
      "samples": 252
    },
    "UUUU": {
      "ok": true,
      "source_ticker": "UUUU",
      "latest": {
        "open": 19.0,
        "high": 19.540001,
        "low": 19.059999,
        "close": 19.51,
        "volume": 597482.0
      },
      "indicators": {
        "sma20": 20.906,
        "sma50": 21.385,
        "rsi14": 45.47306,
        "macd": {
          "macd": -0.560449,
          "signal": -0.30533,
          "hist": -0.255119
        },
        "atr14": 1.796667
      },
      "samples": 252
    },
    "GOOG": {
      "ok": true,
      "source_ticker": "GOOG",
      "latest": {
        "open": 304.649994,
        "high": 306.399994,
        "low": 304.369995,
        "close": 304.850006,
        "volume": 1219878.0
      },
      "indicators": {
        "sma20": 306.225,
        "sma50": 318.8146,
        "rsi14": 44.579879,
        "macd": {
          "macd": -3.804318,
          "signal": -4.31517,
          "hist": 0.510852
        },
        "atr14": 7.279853
      },
      "samples": 252
    },
    "LITE": {
      "ok": true,
      "source_ticker": "LITE",
      "latest": {
        "open": 596.22998,
        "high": 610.0,
        "low": 573.72998,
        "close": 608.56012,
        "volume": 1598524.0
      },
      "indicators": {
        "sma20": 659.31951,
        "sma50": 516.951605,
        "rsi14": 50.058721,
        "macd": {
          "macd": 25.838832,
          "signal": 43.108114,
          "hist": -17.269282
        },
        "atr14": 58.824159
      },
      "samples": 252
    },
    "COHR": {
      "ok": true,
      "source_ticker": "COHR",
      "latest": {
        "open": 255.009995,
        "high": 239.850006,
        "low": 230.199997,
        "close": 239.625,
        "volume": 1414724.0
      },
      "indicators": {
        "sma20": 253.241749,
        "sma50": 224.746499,
        "rsi14": 48.808597,
        "macd": {
          "macd": 5.464474,
          "signal": 9.726388,
          "hist": -4.261913
        },
        "atr14": 20.117291
      },
      "samples": 252
    }
  }
}
