{
  "generated_at": "2026-03-10T18:55:57.058419+00:00",
  "source": "yahoo_chart_v8",
  "count": 15,
  "signals": {
    "AAPL": {
      "ok": true,
      "source_ticker": "AAPL",
      "latest": {
        "open": 257.695007,
        "high": 262.480011,
        "low": 256.950012,
        "close": 261.390015,
        "volume": 17295499.0
      },
      "indicators": {
        "sma20": 264.988501,
        "sma50": 263.789799,
        "rsi14": 46.161809,
        "macd": {
          "macd": -1.259688,
          "signal": -0.308177,
          "hist": -0.951511
        },
        "atr14": 6.308228
      },
      "samples": 252
    },
    "AVGO": {
      "ok": true,
      "source_ticker": "AVGO",
      "latest": {
        "open": 348.51001,
        "high": 353.140015,
        "low": 341.920013,
        "close": 342.210114,
        "volume": 19629083.0
      },
      "indicators": {
        "sma20": 330.151007,
        "sma50": 334.088002,
        "rsi14": 56.948949,
        "macd": {
          "macd": 0.012875,
          "signal": -2.389722,
          "hist": 2.402597
        },
        "atr14": 14.940926
      },
      "samples": 252
    },
    "BBAI": {
      "ok": true,
      "source_ticker": "BBAI",
      "latest": {
        "open": 4.26,
        "high": 4.28,
        "low": 4.01,
        "close": 4.0565,
        "volume": 22375946.0
      },
      "indicators": {
        "sma20": 4.058825,
        "sma50": 5.01333,
        "rsi14": 43.748487,
        "macd": {
          "macd": -0.259834,
          "signal": -0.345639,
          "hist": 0.085806
        },
        "atr14": 0.348788
      },
      "samples": 252
    },
    "KTOS": {
      "ok": true,
      "source_ticker": "KTOS",
      "latest": {
        "open": 91.440002,
        "high": 92.279999,
        "low": 88.660004,
        "close": 89.910004,
        "volume": 1923327.0
      },
      "indicators": {
        "sma20": 91.178,
        "sma50": 98.2274,
        "rsi14": 47.126997,
        "macd": {
          "macd": -2.490552,
          "signal": -2.55029,
          "hist": 0.059738
        },
        "atr14": 7.382215
      },
      "samples": 252
    },
    "NVDA": {
      "ok": true,
      "source_ticker": "NVDA",
      "latest": {
        "open": 182.399994,
        "high": 186.440002,
        "low": 182.010101,
        "close": 184.759995,
        "volume": 126091704.0
      },
      "indicators": {
        "sma20": 185.759499,
        "sma50": 185.7978,
        "rsi14": 50.035762,
        "macd": {
          "macd": -1.018281,
          "signal": -0.538311,
          "hist": -0.479971
        },
        "atr14": 6.30708
      },
      "samples": 252
    },
    "ONDS": {
      "ok": true,
      "source_ticker": "ONDS",
      "latest": {
        "open": 9.82,
        "high": 10.45,
        "low": 9.575,
        "close": 10.3048,
        "volume": 70483456.0
      },
      "indicators": {
        "sma20": 10.13474,
        "sma50": 10.965496,
        "rsi14": 49.706505,
        "macd": {
          "macd": -0.133856,
          "signal": -0.140081,
          "hist": 0.006225
        },
        "atr14": 1.14958
      },
      "samples": 252
    },
    "PLTR": {
      "ok": true,
      "source_ticker": "PLTR",
      "latest": {
        "open": 155.979996,
        "high": 156.657104,
        "low": 150.139999,
        "close": 151.065002,
        "volume": 36800707.0
      },
      "indicators": {
        "sma20": 140.196251,
        "sma50": 155.8035,
        "rsi14": 53.90071,
        "macd": {
          "macd": 0.363287,
          "signal": -3.109898,
          "hist": 3.473184
        },
        "atr14": 7.521725
      },
      "samples": 252
    },
    "RDW": {
      "ok": true,
      "source_ticker": "RDW",
      "latest": {
        "open": 9.5,
        "high": 9.7,
        "low": 9.22,
        "close": 9.235,
        "volume": 9103151.0
      },
      "indicators": {
        "sma20": 8.76625,
        "sma50": 9.7979,
        "rsi14": 49.965719,
        "macd": {
          "macd": -0.139389,
          "signal": -0.239568,
          "hist": 0.10018
        },
        "atr14": 0.968165
      },
      "samples": 252
    },
    "RKLB": {
      "ok": true,
      "source_ticker": "RKLB",
      "latest": {
        "open": 70.339996,
        "high": 72.934998,
        "low": 69.190002,
        "close": 70.139999,
        "volume": 14123785.0
      },
      "indicators": {
        "sma20": 70.686,
        "sma50": 77.177601,
        "rsi14": 46.412959,
        "macd": {
          "macd": -1.405841,
          "signal": -1.597365,
          "hist": 0.191524
        },
        "atr14": 5.68358
      },
      "samples": 252
    },
    "TSLA": {
      "ok": true,
      "source_ticker": "TSLA",
      "latest": {
        "open": 402.054993,
        "high": 406.579987,
        "low": 398.190002,
        "close": 400.675598,
        "volume": 49174368.0
      },
      "indicators": {
        "sma20": 408.724779,
        "sma50": 424.577712,
        "rsi14": 43.568319,
        "macd": {
          "macd": -7.099182,
          "signal": -7.281391,
          "hist": 0.182208
        },
        "atr14": 14.102954
      },
      "samples": 252
    },
    "TSM": {
      "ok": true,
      "source_ticker": "TSM",
      "latest": {
        "open": 348.470001,
        "high": 353.5,
        "low": 344.309998,
        "close": 349.630005,
        "volume": 10181762.0
      },
      "indicators": {
        "sma20": 364.676003,
        "sma50": 342.826199,
        "rsi14": 47.237895,
        "macd": {
          "macd": 2.112839,
          "signal": 6.750608,
          "hist": -4.637769
        },
        "atr14": 13.626163
      },
      "samples": 252
    },
    "UUUU": {
      "ok": true,
      "source_ticker": "UUUU",
      "latest": {
        "open": 20.25,
        "high": 21.33,
        "low": 20.1,
        "close": 20.67,
        "volume": 7787345.0
      },
      "indicators": {
        "sma20": 21.399,
        "sma50": 20.9488,
        "rsi14": 48.259195,
        "macd": {
          "macd": -0.230213,
          "signal": 0.068501,
          "hist": -0.298714
        },
        "atr14": 2.077731
      },
      "samples": 252
    },
    "GOOG": {
      "ok": true,
      "source_ticker": "GOOG",
      "latest": {
        "open": 305.875,
        "high": 309.149994,
        "low": 305.309998,
        "close": 307.579987,
        "volume": 8375817.0
      },
      "indicators": {
        "sma20": 307.547998,
        "sma50": 319.840799,
        "rsi14": 45.759586,
        "macd": {
          "macd": -4.737199,
          "signal": -4.773864,
          "hist": 0.036665
        },
        "atr14": 8.224385
      },
      "samples": 252
    },
    "LITE": {
      "ok": true,
      "source_ticker": "LITE",
      "latest": {
        "open": 675.0,
        "high": 715.72998,
        "low": 673.0,
        "close": 688.200012,
        "volume": 6030603.0
      },
      "indicators": {
        "sma20": 647.023001,
        "sma50": 492.181,
        "rsi14": 58.610424,
        "macd": {
          "macd": 49.91498,
          "signal": 63.181946,
          "hist": -13.266965
        },
        "atr14": 63.462146
      },
      "samples": 252
    },
    "COHR": {
      "ok": true,
      "source_ticker": "COHR",
      "latest": {
        "open": 259.0,
        "high": 272.470001,
        "low": 258.179993,
        "close": 262.945007,
        "volume": 6164890.0
      },
      "indicators": {
        "sma20": 247.502749,
        "sma50": 219.272899,
        "rsi14": 56.484496,
        "macd": {
          "macd": 12.517531,
          "signal": 14.373958,
          "hist": -1.856428
        },
        "atr14": 22.106307
      },
      "samples": 252
    }
  }
}
