{
  "generated_at": "2026-03-11T21:55:56.941214+00:00",
  "source": "yahoo_chart_v8",
  "count": 15,
  "signals": {
    "AAPL": {
      "ok": true,
      "source_ticker": "AAPL",
      "latest": {
        "open": 261.209991,
        "high": 262.130005,
        "low": 259.549988,
        "close": 260.809998,
        "volume": 25826274.0
      },
      "indicators": {
        "sma20": 264.317,
        "sma50": 263.526799,
        "rsi14": 45.403768,
        "macd": {
          "macd": -1.37993,
          "signal": -0.529676,
          "hist": -0.850254
        },
        "atr14": 6.041928
      },
      "samples": 251
    },
    "AVGO": {
      "ok": true,
      "source_ticker": "AVGO",
      "latest": {
        "open": 342.579987,
        "high": 345.799988,
        "low": 338.220001,
        "close": 341.570007,
        "volume": 17101016.0
      },
      "indicators": {
        "sma20": 330.226001,
        "sma50": 333.8842,
        "rsi14": 56.478654,
        "macd": {
          "macd": 0.880955,
          "signal": -1.730866,
          "hist": 2.611821
        },
        "atr14": 14.489432
      },
      "samples": 251
    },
    "BBAI": {
      "ok": true,
      "source_ticker": "BBAI",
      "latest": {
        "open": 4.09,
        "high": 4.27,
        "low": 4.05,
        "close": 4.14,
        "volume": 41089741.0
      },
      "indicators": {
        "sma20": 4.0385,
        "sma50": 4.9818,
        "rsi14": 45.521758,
        "macd": {
          "macd": -0.235277,
          "signal": -0.323395,
          "hist": 0.088118
        },
        "atr14": 0.340252
      },
      "samples": 251
    },
    "KTOS": {
      "ok": true,
      "source_ticker": "KTOS",
      "latest": {
        "open": 87.029999,
        "high": 90.980003,
        "low": 86.620003,
        "close": 88.919998,
        "volume": 1939262.0
      },
      "indicators": {
        "sma20": 90.9025,
        "sma50": 98.4328,
        "rsi14": 46.309771,
        "macd": {
          "macd": -2.475862,
          "signal": -2.54753,
          "hist": 0.071668
        },
        "atr14": 7.167669
      },
      "samples": 251
    },
    "NVDA": {
      "ok": true,
      "source_ticker": "NVDA",
      "latest": {
        "open": 185.919998,
        "high": 187.619995,
        "low": 184.450104,
        "close": 186.029999,
        "volume": 138663908.0
      },
      "indicators": {
        "sma20": 185.6345,
        "sma50": 185.708,
        "rsi14": 51.369507,
        "macd": {
          "macd": -0.75449,
          "signal": -0.581419,
          "hist": -0.173072
        },
        "atr14": 6.083003
      },
      "samples": 251
    },
    "ONDS": {
      "ok": true,
      "source_ticker": "ONDS",
      "latest": {
        "open": 10.05,
        "high": 10.56,
        "low": 9.5,
        "close": 9.83,
        "volume": 86639694.0
      },
      "indicators": {
        "sma20": 10.1275,
        "sma50": 10.9866,
        "rsi14": 46.267643,
        "macd": {
          "macd": -0.172002,
          "signal": -0.150228,
          "hist": -0.021774
        },
        "atr14": 1.143181
      },
      "samples": 251
    },
    "PLTR": {
      "ok": true,
      "source_ticker": "PLTR",
      "latest": {
        "open": 151.473999,
        "high": 153.169006,
        "low": 149.330399,
        "close": 151.600006,
        "volume": 33603400.0
      },
      "indicators": {
        "sma20": 140.804501,
        "sma50": 155.0628,
        "rsi14": 54.411474,
        "macd": {
          "macd": 0.673397,
          "signal": -2.352281,
          "hist": 3.025678
        },
        "atr14": 7.258638
      },
      "samples": 251
    },
    "RDW": {
      "ok": true,
      "source_ticker": "RDW",
      "latest": {
        "open": 9.35,
        "high": 9.825,
        "low": 9.15,
        "close": 9.46,
        "volume": 14337548.0
      },
      "indicators": {
        "sma20": 8.77,
        "sma50": 9.844,
        "rsi14": 51.450505,
        "macd": {
          "macd": -0.100148,
          "signal": -0.211748,
          "hist": 0.1116
        },
        "atr14": 0.951205
      },
      "samples": 251
    },
    "RKLB": {
      "ok": true,
      "source_ticker": "RKLB",
      "latest": {
        "open": 68.800003,
        "high": 73.300003,
        "low": 68.330002,
        "close": 71.959999,
        "volume": 17816611.0
      },
      "indicators": {
        "sma20": 70.622001,
        "sma50": 77.179601,
        "rsi14": 49.497618,
        "macd": {
          "macd": -1.294785,
          "signal": -1.552293,
          "hist": 0.257508
        },
        "atr14": 5.670349
      },
      "samples": 251
    },
    "TSLA": {
      "ok": true,
      "source_ticker": "TSLA",
      "latest": {
        "open": 402.220001,
        "high": 416.379913,
        "low": 402.149994,
        "close": 407.820007,
        "volume": 62101725.0
      },
      "indicators": {
        "sma20": 407.783499,
        "sma50": 423.2016,
        "rsi14": 48.10891,
        "macd": {
          "macd": -6.336958,
          "signal": -7.110828,
          "hist": 0.77387
        },
        "atr14": 14.320544
      },
      "samples": 251
    },
    "TSM": {
      "ok": true,
      "source_ticker": "TSM",
      "latest": {
        "open": 353.929993,
        "high": 357.350006,
        "low": 350.360107,
        "close": 354.559998,
        "volume": 10598277.0
      },
      "indicators": {
        "sma20": 364.181502,
        "sma50": 343.809799,
        "rsi14": 50.142476,
        "macd": {
          "macd": 1.604723,
          "signal": 5.689012,
          "hist": -4.084288
        },
        "atr14": 13.385724
      },
      "samples": 251
    },
    "UUUU": {
      "ok": true,
      "source_ticker": "UUUU",
      "latest": {
        "open": 20.155001,
        "high": 21.08,
        "low": 19.85,
        "close": 20.07,
        "volume": 7262234.0
      },
      "indicators": {
        "sma20": 21.2965,
        "sma50": 21.0502,
        "rsi14": 46.394512,
        "macd": {
          "macd": -0.309085,
          "signal": -0.011611,
          "hist": -0.297474
        },
        "atr14": 2.017179
      },
      "samples": 251
    },
    "GOOG": {
      "ok": true,
      "source_ticker": "GOOG",
      "latest": {
        "open": 306.285004,
        "high": 311.069,
        "low": 305.876709,
        "close": 308.420013,
        "volume": 13279728.0
      },
      "indicators": {
        "sma20": 307.004999,
        "sma50": 319.697,
        "rsi14": 46.780054,
        "macd": {
          "macd": -4.275925,
          "signal": -4.682572,
          "hist": 0.406647
        },
        "atr14": 8.007806
      },
      "samples": 251
    },
    "LITE": {
      "ok": true,
      "source_ticker": "LITE",
      "latest": {
        "open": 651.099976,
        "high": 675.579895,
        "low": 637.010071,
        "close": 672.0,
        "volume": 4049557.0
      },
      "indicators": {
        "sma20": 651.7565,
        "sma50": 497.4816,
        "rsi14": 57.347396,
        "macd": {
          "macd": 46.61906,
          "signal": 59.662599,
          "hist": -13.043539
        },
        "atr14": 61.684123
      },
      "samples": 251
    },
    "COHR": {
      "ok": true,
      "source_ticker": "COHR",
      "latest": {
        "open": 251.539993,
        "high": 258.0,
        "low": 242.822006,
        "close": 251.410004,
        "volume": 6785274.0
      },
      "indicators": {
        "sma20": 248.5395,
        "sma50": 220.4206,
        "rsi14": 52.778472,
        "macd": {
          "macd": 11.100621,
          "signal": 13.689871,
          "hist": -2.58925
        },
        "atr14": 21.807958
      },
      "samples": 251
    }
  }
}
