{
  "generated_at": "2026-03-11T18:55:56.798256+00:00",
  "source": "yahoo_chart_v8",
  "count": 15,
  "signals": {
    "AAPL": {
      "ok": true,
      "source_ticker": "AAPL",
      "latest": {
        "open": 261.209991,
        "high": 262.130005,
        "low": 259.549988,
        "close": 260.299988,
        "volume": 12894993.0
      },
      "indicators": {
        "sma20": 264.291499,
        "sma50": 263.516599,
        "rsi14": 44.804807,
        "macd": {
          "macd": -1.420615,
          "signal": -0.537813,
          "hist": -0.882802
        },
        "atr14": 6.041928
      },
      "samples": 252
    },
    "AVGO": {
      "ok": true,
      "source_ticker": "AVGO",
      "latest": {
        "open": 342.579987,
        "high": 345.799988,
        "low": 338.220001,
        "close": 340.274994,
        "volume": 11850107.0
      },
      "indicators": {
        "sma20": 330.16125,
        "sma50": 333.8583,
        "rsi14": 55.586761,
        "macd": {
          "macd": 0.777649,
          "signal": -1.751527,
          "hist": 2.529176
        },
        "atr14": 14.489432
      },
      "samples": 252
    },
    "BBAI": {
      "ok": true,
      "source_ticker": "BBAI",
      "latest": {
        "open": 4.09,
        "high": 4.27,
        "low": 4.05,
        "close": 4.13,
        "volume": 32602576.0
      },
      "indicators": {
        "sma20": 4.038,
        "sma50": 4.9816,
        "rsi14": 45.305563,
        "macd": {
          "macd": -0.236075,
          "signal": -0.323554,
          "hist": 0.087479
        },
        "atr14": 0.340252
      },
      "samples": 252
    },
    "KTOS": {
      "ok": true,
      "source_ticker": "KTOS",
      "latest": {
        "open": 87.029999,
        "high": 90.980003,
        "low": 86.620003,
        "close": 88.886299,
        "volume": 1352200.0
      },
      "indicators": {
        "sma20": 90.900815,
        "sma50": 98.432126,
        "rsi14": 46.280443,
        "macd": {
          "macd": -2.47855,
          "signal": -2.548067,
          "hist": 0.069517
        },
        "atr14": 7.167669
      },
      "samples": 252
    },
    "NVDA": {
      "ok": true,
      "source_ticker": "NVDA",
      "latest": {
        "open": 185.919998,
        "high": 187.619995,
        "low": 184.450104,
        "close": 185.630005,
        "volume": 102006984.0
      },
      "indicators": {
        "sma20": 185.6145,
        "sma50": 185.7,
        "rsi14": 50.95695,
        "macd": {
          "macd": -0.786399,
          "signal": -0.5878,
          "hist": -0.198598
        },
        "atr14": 6.083003
      },
      "samples": 252
    },
    "ONDS": {
      "ok": true,
      "source_ticker": "ONDS",
      "latest": {
        "open": 10.05,
        "high": 10.56,
        "low": 9.51,
        "close": 9.545,
        "volume": 73758473.0
      },
      "indicators": {
        "sma20": 10.11325,
        "sma50": 10.9809,
        "rsi14": 44.353894,
        "macd": {
          "macd": -0.194737,
          "signal": -0.154775,
          "hist": -0.039962
        },
        "atr14": 1.142467
      },
      "samples": 252
    },
    "PLTR": {
      "ok": true,
      "source_ticker": "PLTR",
      "latest": {
        "open": 151.473999,
        "high": 153.169006,
        "low": 149.330399,
        "close": 151.550003,
        "volume": 26886144.0
      },
      "indicators": {
        "sma20": 140.802001,
        "sma50": 155.0618,
        "rsi14": 54.364778,
        "macd": {
          "macd": 0.669408,
          "signal": -2.353079,
          "hist": 3.022487
        },
        "atr14": 7.258638
      },
      "samples": 252
    },
    "RDW": {
      "ok": true,
      "source_ticker": "RDW",
      "latest": {
        "open": 9.35,
        "high": 9.825,
        "low": 9.24,
        "close": 9.402,
        "volume": 11357477.0
      },
      "indicators": {
        "sma20": 8.7671,
        "sma50": 9.84284,
        "rsi14": 51.076867,
        "macd": {
          "macd": -0.104775,
          "signal": -0.212673,
          "hist": 0.107899
        },
        "atr14": 0.94549
      },
      "samples": 252
    },
    "RKLB": {
      "ok": true,
      "source_ticker": "RKLB",
      "latest": {
        "open": 68.800003,
        "high": 73.300003,
        "low": 68.330002,
        "close": 71.449997,
        "volume": 14961755.0
      },
      "indicators": {
        "sma20": 70.5965,
        "sma50": 77.1694,
        "rsi14": 48.766357,
        "macd": {
          "macd": -1.335469,
          "signal": -1.56043,
          "hist": 0.22496
        },
        "atr14": 5.670349
      },
      "samples": 252
    },
    "TSLA": {
      "ok": true,
      "source_ticker": "TSLA",
      "latest": {
        "open": 402.220001,
        "high": 416.379913,
        "low": 402.149994,
        "close": 406.410004,
        "volume": 51543700.0
      },
      "indicators": {
        "sma20": 407.712999,
        "sma50": 423.1734,
        "rsi14": 47.283633,
        "macd": {
          "macd": -6.449437,
          "signal": -7.133323,
          "hist": 0.683886
        },
        "atr14": 14.320544
      },
      "samples": 252
    },
    "TSM": {
      "ok": true,
      "source_ticker": "TSM",
      "latest": {
        "open": 353.929993,
        "high": 357.350006,
        "low": 350.360107,
        "close": 354.065002,
        "volume": 7963432.0
      },
      "indicators": {
        "sma20": 364.156752,
        "sma50": 343.799899,
        "rsi14": 49.883235,
        "macd": {
          "macd": 1.565237,
          "signal": 5.681114,
          "hist": -4.115878
        },
        "atr14": 13.385724
      },
      "samples": 252
    },
    "UUUU": {
      "ok": true,
      "source_ticker": "UUUU",
      "latest": {
        "open": 20.155001,
        "high": 21.08,
        "low": 19.85,
        "close": 19.961,
        "volume": 5326940.0
      },
      "indicators": {
        "sma20": 21.29105,
        "sma50": 21.04802,
        "rsi14": 46.070266,
        "macd": {
          "macd": -0.31778,
          "signal": -0.01335,
          "hist": -0.30443
        },
        "atr14": 2.017179
      },
      "samples": 252
    },
    "GOOG": {
      "ok": true,
      "source_ticker": "GOOG",
      "latest": {
        "open": 306.285004,
        "high": 311.069,
        "low": 305.876709,
        "close": 307.619995,
        "volume": 8058821.0
      },
      "indicators": {
        "sma20": 306.964998,
        "sma50": 319.680999,
        "rsi14": 45.860809,
        "macd": {
          "macd": -4.339744,
          "signal": -4.695336,
          "hist": 0.355592
        },
        "atr14": 8.007806
      },
      "samples": 252
    },
    "LITE": {
      "ok": true,
      "source_ticker": "LITE",
      "latest": {
        "open": 651.099976,
        "high": 675.579895,
        "low": 637.010071,
        "close": 670.344604,
        "volume": 3345726.0
      },
      "indicators": {
        "sma20": 651.67373,
        "sma50": 497.448492,
        "rsi14": 57.155462,
        "macd": {
          "macd": 46.487005,
          "signal": 59.636188,
          "hist": -13.149183
        },
        "atr14": 61.684123
      },
      "samples": 252
    },
    "COHR": {
      "ok": true,
      "source_ticker": "COHR",
      "latest": {
        "open": 251.539993,
        "high": 258.0,
        "low": 242.822006,
        "close": 252.089996,
        "volume": 5309838.0
      },
      "indicators": {
        "sma20": 248.573499,
        "sma50": 220.4342,
        "rsi14": 52.995812,
        "macd": {
          "macd": 11.154866,
          "signal": 13.70072,
          "hist": -2.545854
        },
        "atr14": 21.807958
      },
      "samples": 252
    }
  }
}
