{
  "generated_at": "2026-03-14T09:38:28.938298+00:00",
  "source": "yahoo_chart_v8",
  "count": 15,
  "signals": {
    "AAPL": {
      "ok": true,
      "source_ticker": "AAPL",
      "latest": {
        "open": 255.399994,
        "high": 256.329987,
        "low": 249.520004,
        "close": 250.119995,
        "volume": 34193754.0
      },
      "indicators": {
        "sma20": 262.466499,
        "sma50": 262.272799,
        "rsi14": 34.55376,
        "macd": {
          "macd": -3.185526,
          "signal": -1.558869,
          "hist": -1.626658
        },
        "atr14": 6.18395
      },
      "samples": 252
    },
    "AVGO": {
      "ok": true,
      "source_ticker": "AVGO",
      "latest": {
        "open": 337.725006,
        "high": 338.320007,
        "low": 321.429993,
        "close": 322.160004,
        "volume": 25690012.0
      },
      "indicators": {
        "sma20": 329.2855,
        "sma50": 332.583199,
        "rsi14": 44.360968,
        "macd": {
          "macd": -0.627169,
          "signal": -0.853388,
          "hist": 0.226219
        },
        "atr14": 14.505397
      },
      "samples": 252
    },
    "BBAI": {
      "ok": true,
      "source_ticker": "BBAI",
      "latest": {
        "open": 4.08,
        "high": 4.19,
        "low": 3.9,
        "close": 3.94,
        "volume": 35000033.0
      },
      "indicators": {
        "sma20": 4.0035,
        "sma50": 4.8886,
        "rsi14": 41.836538,
        "macd": {
          "macd": -0.211574,
          "signal": -0.27131,
          "hist": 0.059736
        },
        "atr14": 0.324075
      },
      "samples": 252
    },
    "KTOS": {
      "ok": true,
      "source_ticker": "KTOS",
      "latest": {
        "open": 89.82,
        "high": 91.900002,
        "low": 87.199997,
        "close": 87.529999,
        "volume": 2746347.0
      },
      "indicators": {
        "sma20": 90.934,
        "sma50": 99.136,
        "rsi14": 45.016243,
        "macd": {
          "macd": -2.335398,
          "signal": -2.446072,
          "hist": 0.110674
        },
        "atr14": 6.754589
      },
      "samples": 252
    },
    "NVDA": {
      "ok": true,
      "source_ticker": "NVDA",
      "latest": {
        "open": 184.910004,
        "high": 186.089996,
        "low": 179.940002,
        "close": 180.25,
        "volume": 156420571.0
      },
      "indicators": {
        "sma20": 184.8265,
        "sma50": 185.3356,
        "rsi14": 45.221917,
        "macd": {
          "macd": -1.176654,
          "signal": -0.792363,
          "hist": -0.384291
        },
        "atr14": 5.981192
      },
      "samples": 252
    },
    "ONDS": {
      "ok": true,
      "source_ticker": "ONDS",
      "latest": {
        "open": 10.445,
        "high": 10.98,
        "low": 10.05,
        "close": 10.16,
        "volume": 72857914.0
      },
      "indicators": {
        "sma20": 10.2845,
        "sma50": 11.0554,
        "rsi14": 48.966314,
        "macd": {
          "macd": -0.11899,
          "signal": -0.139603,
          "hist": 0.020613
        },
        "atr14": 1.10746
      },
      "samples": 252
    },
    "PLTR": {
      "ok": true,
      "source_ticker": "PLTR",
      "latest": {
        "open": 153.190094,
        "high": 154.559998,
        "low": 148.580093,
        "close": 150.949997,
        "volume": 42212989.0
      },
      "indicators": {
        "sma20": 143.763501,
        "sma50": 153.3154,
        "rsi14": 53.155958,
        "macd": {
          "macd": 1.192342,
          "signal": -0.648461,
          "hist": 1.840803
        },
        "atr14": 6.937249
      },
      "samples": 252
    },
    "RDW": {
      "ok": true,
      "source_ticker": "RDW",
      "latest": {
        "open": 9.6,
        "high": 10.01,
        "low": 9.3401,
        "close": 9.59,
        "volume": 13768769.0
      },
      "indicators": {
        "sma20": 8.957,
        "sma50": 9.9664,
        "rsi14": 52.385408,
        "macd": {
          "macd": -0.001791,
          "signal": -0.122122,
          "hist": 0.120331
        },
        "atr14": 0.895141
      },
      "samples": 252
    },
    "RKLB": {
      "ok": true,
      "source_ticker": "RKLB",
      "latest": {
        "open": 69.050003,
        "high": 71.300003,
        "low": 67.440002,
        "close": 68.410004,
        "volume": 15987680.0
      },
      "indicators": {
        "sma20": 70.728001,
        "sma50": 77.076801,
        "rsi14": 44.729667,
        "macd": {
          "macd": -1.5051,
          "signal": -1.510675,
          "hist": 0.005574
        },
        "atr14": 5.338461
      },
      "samples": 252
    },
    "TSLA": {
      "ok": true,
      "source_ticker": "TSLA",
      "latest": {
        "open": 399.165009,
        "high": 400.160004,
        "low": 389.950012,
        "close": 391.200012,
        "volume": 57370326.0
      },
      "indicators": {
        "sma20": 403.515001,
        "sma50": 419.474,
        "rsi14": 40.016463,
        "macd": {
          "macd": -7.294619,
          "signal": -7.069918,
          "hist": -0.2247
        },
        "atr14": 13.686093
      },
      "samples": 252
    },
    "TSM": {
      "ok": true,
      "source_ticker": "TSM",
      "latest": {
        "open": 343.920013,
        "high": 344.511414,
        "low": 336.230011,
        "close": 338.309998,
        "volume": 17267249.0
      },
      "indicators": {
        "sma20": 359.420502,
        "sma50": 345.988599,
        "rsi14": 42.680259,
        "macd": {
          "macd": -2.182891,
          "signal": 2.263832,
          "hist": -4.446723
        },
        "atr14": 12.979084
      },
      "samples": 252
    },
    "UUUU": {
      "ok": true,
      "source_ticker": "UUUU",
      "latest": {
        "open": 20.139999,
        "high": 20.540001,
        "low": 18.629999,
        "close": 18.67,
        "volume": 9081978.0
      },
      "indicators": {
        "sma20": 20.9305,
        "sma50": 21.317,
        "rsi14": 42.042937,
        "macd": {
          "macd": -0.593198,
          "signal": -0.250644,
          "hist": -0.342554
        },
        "atr14": 1.960092
      },
      "samples": 252
    },
    "GOOG": {
      "ok": true,
      "source_ticker": "GOOG",
      "latest": {
        "open": 307.0,
        "high": 307.23999,
        "low": 299.78009,
        "close": 301.459991,
        "volume": 16811259.0
      },
      "indicators": {
        "sma20": 305.975499,
        "sma50": 318.964799,
        "rsi14": 40.2528,
        "macd": {
          "macd": -4.305424,
          "signal": -4.490109,
          "hist": 0.184684
        },
        "atr14": 7.922966
      },
      "samples": 252
    },
    "LITE": {
      "ok": true,
      "source_ticker": "LITE",
      "latest": {
        "open": 634.5,
        "high": 639.559998,
        "low": 611.150024,
        "close": 622.5,
        "volume": 3824432.0
      },
      "indicators": {
        "sma20": 658.795502,
        "sma50": 512.455801,
        "rsi14": 51.753672,
        "macd": {
          "macd": 30.589304,
          "signal": 47.388101,
          "hist": -16.798796
        },
        "atr14": 56.752552
      },
      "samples": 252
    },
    "COHR": {
      "ok": true,
      "source_ticker": "COHR",
      "latest": {
        "open": 248.380005,
        "high": 251.660004,
        "low": 241.210007,
        "close": 242.759995,
        "volume": 3924862.0
      },
      "indicators": {
        "sma20": 252.027999,
        "sma50": 223.748399,
        "rsi14": 50.006146,
        "macd": {
          "macd": 6.479266,
          "signal": 10.718316,
          "hist": -4.23905
        },
        "atr14": 19.659718
      },
      "samples": 252
    }
  }
}
