{
  "generated_at": "2026-03-10T12:58:12.621080+00:00",
  "source": "yahoo_chart_v8",
  "count": 15,
  "signals": {
    "AAPL": {
      "ok": true,
      "source_ticker": "AAPL",
      "latest": {
        "open": 255.690002,
        "high": 261.149994,
        "low": 253.679993,
        "close": 259.880005,
        "volume": 38153500.0
      },
      "indicators": {
        "sma20": 265.65,
        "sma50": 264.038199,
        "rsi14": 44.135185,
        "macd": {
          "macd": -1.190973,
          "signal": -0.0703,
          "hist": -1.120673
        },
        "atr14": 6.368092
      },
      "samples": 251
    },
    "AVGO": {
      "ok": true,
      "source_ticker": "AVGO",
      "latest": {
        "open": 327.25,
        "high": 348.48999,
        "low": 323.609985,
        "close": 345.75,
        "volume": 40516700.0
      },
      "indicators": {
        "sma20": 330.237502,
        "sma50": 334.2482,
        "rsi14": 59.387713,
        "macd": {
          "macd": -1.131396,
          "signal": -2.990372,
          "hist": 1.858975
        },
        "atr14": 15.227151
      },
      "samples": 251
    },
    "BBAI": {
      "ok": true,
      "source_ticker": "BBAI",
      "latest": {
        "open": 4.16,
        "high": 4.265,
        "low": 3.97,
        "close": 4.2,
        "volume": 36975600.0
      },
      "indicators": {
        "sma20": 4.0995,
        "sma50": 5.0528,
        "rsi14": 46.240695,
        "macd": {
          "macd": -0.277834,
          "signal": -0.367091,
          "hist": 0.089257
        },
        "atr14": 0.354848
      },
      "samples": 251
    },
    "KTOS": {
      "ok": true,
      "source_ticker": "KTOS",
      "latest": {
        "open": 87.860001,
        "high": 93.669998,
        "low": 87.199997,
        "close": 92.470001,
        "volume": 5245600.0
      },
      "indicators": {
        "sma20": 91.623,
        "sma50": 98.0286,
        "rsi14": 49.373017,
        "macd": {
          "macd": -2.648557,
          "signal": -2.565224,
          "hist": -0.083333
        },
        "atr14": 7.657001
      },
      "samples": 251
    },
    "NVDA": {
      "ok": true,
      "source_ticker": "NVDA",
      "latest": {
        "open": 176.830002,
        "high": 182.910004,
        "low": 175.559998,
        "close": 182.649994,
        "volume": 176547500.0
      },
      "indicators": {
        "sma20": 186.023499,
        "sma50": 185.8748,
        "rsi14": 47.827008,
        "macd": {
          "macd": -1.210067,
          "signal": -0.418318,
          "hist": -0.791749
        },
        "atr14": 6.451479
      },
      "samples": 251
    },
    "ONDS": {
      "ok": true,
      "source_ticker": "ONDS",
      "latest": {
        "open": 10.03,
        "high": 10.03,
        "low": 9.2,
        "close": 9.72,
        "volume": 90756700.0
      },
      "indicators": {
        "sma20": 10.1365,
        "sma50": 10.942,
        "rsi14": 45.270053,
        "macd": {
          "macd": -0.154739,
          "signal": -0.141637,
          "hist": -0.013102
        },
        "atr14": 1.170702
      },
      "samples": 251
    },
    "PLTR": {
      "ok": true,
      "source_ticker": "PLTR",
      "latest": {
        "open": 155.690002,
        "high": 158.440002,
        "low": 152.970001,
        "close": 156.429993,
        "volume": 47399700.0
      },
      "indicators": {
        "sma20": 139.788501,
        "sma50": 156.6656,
        "rsi14": 60.074302,
        "macd": {
          "macd": 0.022558,
          "signal": -3.978194,
          "hist": 4.000751
        },
        "atr14": 7.599004
      },
      "samples": 251
    },
    "RDW": {
      "ok": true,
      "source_ticker": "RDW",
      "latest": {
        "open": 8.71,
        "high": 9.68,
        "low": 8.64,
        "close": 9.65,
        "volume": 20752600.0
      },
      "indicators": {
        "sma20": 8.809,
        "sma50": 9.7696,
        "rsi14": 52.726516,
        "macd": {
          "macd": -0.16493,
          "signal": -0.264613,
          "hist": 0.099683
        },
        "atr14": 1.005716
      },
      "samples": 251
    },
    "RKLB": {
      "ok": true,
      "source_ticker": "RKLB",
      "latest": {
        "open": 69.389999,
        "high": 72.125,
        "low": 67.82,
        "close": 71.480003,
        "volume": 18380800.0
      },
      "indicators": {
        "sma20": 70.971,
        "sma50": 77.318401,
        "rsi14": 48.316805,
        "macd": {
          "macd": -1.43695,
          "signal": -1.645246,
          "hist": 0.208296
        },
        "atr14": 5.832701
      },
      "samples": 251
    },
    "TSLA": {
      "ok": true,
      "source_ticker": "TSLA",
      "latest": {
        "open": 390.049988,
        "high": 401.589996,
        "low": 381.399994,
        "close": 398.679993,
        "volume": 66821300.0
      },
      "indicators": {
        "sma20": 409.556999,
        "sma50": 426.2722,
        "rsi14": 42.276789,
        "macd": {
          "macd": -7.354222,
          "signal": -7.326943,
          "hist": -0.027279
        },
        "atr14": 14.542413
      },
      "samples": 251
    },
    "TSM": {
      "ok": true,
      "source_ticker": "TSM",
      "latest": {
        "open": 335.600006,
        "high": 349.399994,
        "low": 331.920013,
        "close": 348.700012,
        "volume": 19109900.0
      },
      "indicators": {
        "sma20": 364.965002,
        "sma50": 341.809599,
        "rsi14": 46.712534,
        "macd": {
          "macd": 3.032935,
          "signal": 7.910051,
          "hist": -4.877116
        },
        "atr14": 13.967407
      },
      "samples": 251
    },
    "UUUU": {
      "ok": true,
      "source_ticker": "UUUU",
      "latest": {
        "open": 18.639999,
        "high": 20.09,
        "low": 18.360001,
        "close": 19.870001,
        "volume": 9160400.0
      },
      "indicators": {
        "sma20": 21.5205,
        "sma50": 20.8374,
        "rsi14": 45.668904,
        "macd": {
          "macd": -0.215585,
          "signal": 0.14318,
          "hist": -0.358765
        },
        "atr14": 2.125249
      },
      "samples": 251
    },
    "GOOG": {
      "ok": true,
      "source_ticker": "GOOG",
      "latest": {
        "open": 294.13501,
        "high": 306.5,
        "low": 293.929993,
        "close": 306.01001,
        "volume": 19587300.0
      },
      "indicators": {
        "sma20": 308.388998,
        "sma50": 320.002599,
        "rsi14": 43.993487,
        "macd": {
          "macd": -5.222614,
          "signal": -4.78303,
          "hist": -0.439584
        },
        "atr14": 8.561645
      },
      "samples": 251
    },
    "LITE": {
      "ok": true,
      "source_ticker": "LITE",
      "latest": {
        "open": 578.0,
        "high": 641.02002,
        "low": 573.659973,
        "close": 640.690002,
        "volume": 7795300.0
      },
      "indicators": {
        "sma20": 641.470502,
        "sma50": 486.3354,
        "rsi14": 54.674169,
        "macd": {
          "macd": 50.47277,
          "signal": 66.498687,
          "hist": -16.025917
        },
        "atr14": 62.571544
      },
      "samples": 251
    },
    "COHR": {
      "ok": true,
      "source_ticker": "COHR",
      "latest": {
        "open": 236.389999,
        "high": 254.360001,
        "low": 236.0,
        "close": 252.320007,
        "volume": 10570800.0
      },
      "indicators": {
        "sma20": 246.478499,
        "sma50": 217.841399,
        "rsi14": 53.60026,
        "macd": {
          "macd": 12.788276,
          "signal": 14.838065,
          "hist": -2.049789
        },
        "atr14": 22.256792
      },
      "samples": 251
    }
  }
}
