{
  "generated_at": "2026-03-13T19:16:38.821805+00:00",
  "source": "yahoo_chart_v8",
  "count": 15,
  "signals": {
    "AAPL": {
      "ok": true,
      "source_ticker": "AAPL",
      "latest": {
        "open": 255.399994,
        "high": 256.329987,
        "low": 250.550003,
        "close": 250.940002,
        "volume": 21231509.0
      },
      "indicators": {
        "sma20": 262.790499,
        "sma50": 262.723999,
        "rsi14": 35.221948,
        "macd": {
          "macd": -2.539636,
          "signal": -1.139121,
          "hist": -1.400515
        },
        "atr14": 6.062222
      },
      "samples": 252
    },
    "AVGO": {
      "ok": true,
      "source_ticker": "AVGO",
      "latest": {
        "open": 337.725006,
        "high": 338.320007,
        "low": 321.950012,
        "close": 324.399994,
        "volume": 18769732.0
      },
      "indicators": {
        "sma20": 329.548,
        "sma50": 333.106799,
        "rsi14": 45.511559,
        "macd": {
          "macd": 0.302792,
          "signal": -0.874205,
          "hist": 1.176997
        },
        "atr14": 14.28482
      },
      "samples": 252
    },
    "BBAI": {
      "ok": true,
      "source_ticker": "BBAI",
      "latest": {
        "open": 4.08,
        "high": 4.19,
        "low": 3.91,
        "close": 3.94,
        "volume": 31275512.0
      },
      "indicators": {
        "sma20": 4.0105,
        "sma50": 4.9178,
        "rsi14": 41.836538,
        "macd": {
          "macd": -0.217975,
          "signal": -0.286244,
          "hist": 0.068268
        },
        "atr14": 0.325982
      },
      "samples": 252
    },
    "KTOS": {
      "ok": true,
      "source_ticker": "KTOS",
      "latest": {
        "open": 89.82,
        "high": 91.900002,
        "low": 87.350098,
        "close": 88.449997,
        "volume": 1693350.0
      },
      "indicators": {
        "sma20": 91.056499,
        "sma50": 98.922,
        "rsi14": 45.890648,
        "macd": {
          "macd": -2.276269,
          "signal": -2.459062,
          "hist": 0.182793
        },
        "atr14": 6.901912
      },
      "samples": 252
    },
    "NVDA": {
      "ok": true,
      "source_ticker": "NVDA",
      "latest": {
        "open": 184.910004,
        "high": 186.089996,
        "low": 180.009995,
        "close": 180.899994,
        "volume": 126341134.0
      },
      "indicators": {
        "sma20": 184.987,
        "sma50": 185.4736,
        "rsi14": 45.861988,
        "macd": {
          "macd": -0.952749,
          "signal": -0.68592,
          "hist": -0.26683
        },
        "atr14": 5.963208
      },
      "samples": 252
    },
    "ONDS": {
      "ok": true,
      "source_ticker": "ONDS",
      "latest": {
        "open": 10.445,
        "high": 10.98,
        "low": 10.05,
        "close": 10.22,
        "volume": 63818969.0
      },
      "indicators": {
        "sma20": 10.245,
        "sma50": 11.0486,
        "rsi14": 49.43492,
        "macd": {
          "macd": -0.124973,
          "signal": -0.143799,
          "hist": 0.018826
        },
        "atr14": 1.121111
      },
      "samples": 252
    },
    "PLTR": {
      "ok": true,
      "source_ticker": "PLTR",
      "latest": {
        "open": 153.190094,
        "high": 154.559998,
        "low": 148.580093,
        "close": 151.220001,
        "volume": 34868124.0
      },
      "indicators": {
        "sma20": 142.800002,
        "sma50": 153.856801,
        "rsi14": 53.466751,
        "macd": {
          "macd": 1.161077,
          "signal": -1.104354,
          "hist": 2.265431
        },
        "atr14": 7.010885
      },
      "samples": 252
    },
    "RDW": {
      "ok": true,
      "source_ticker": "RDW",
      "latest": {
        "open": 9.6,
        "high": 10.01,
        "low": 9.3401,
        "close": 9.455,
        "volume": 11927639.0
      },
      "indicators": {
        "sma20": 8.87175,
        "sma50": 9.9239,
        "rsi14": 51.392155,
        "macd": {
          "macd": -0.041117,
          "signal": -0.154359,
          "hist": 0.113242
        },
        "atr14": 0.91246
      },
      "samples": 252
    },
    "RKLB": {
      "ok": true,
      "source_ticker": "RKLB",
      "latest": {
        "open": 69.050003,
        "high": 71.300003,
        "low": 67.839996,
        "close": 68.425003,
        "volume": 13094360.0
      },
      "indicators": {
        "sma20": 70.680251,
        "sma50": 77.104101,
        "rsi14": 44.753908,
        "macd": {
          "macd": -1.468786,
          "signal": -1.511829,
          "hist": 0.043043
        },
        "atr14": 5.422904
      },
      "samples": 252
    },
    "TSLA": {
      "ok": true,
      "source_ticker": "TSLA",
      "latest": {
        "open": 399.165009,
        "high": 400.160004,
        "low": 391.670013,
        "close": 392.380005,
        "volume": 47897904.0
      },
      "indicators": {
        "sma20": 404.886,
        "sma50": 420.668,
        "rsi14": 40.528685,
        "macd": {
          "macd": -6.940166,
          "signal": -6.994917,
          "hist": 0.054751
        },
        "atr14": 13.827771
      },
      "samples": 252
    },
    "TSM": {
      "ok": true,
      "source_ticker": "TSM",
      "latest": {
        "open": 343.920013,
        "high": 344.511414,
        "low": 337.100006,
        "close": 338.100006,
        "volume": 10572595.0
      },
      "indicators": {
        "sma20": 360.812502,
        "sma50": 345.295999,
        "rsi14": 42.560463,
        "macd": {
          "macd": -1.28255,
          "signal": 3.372163,
          "hist": -4.654712
        },
        "atr14": 13.304832
      },
      "samples": 252
    },
    "UUUU": {
      "ok": true,
      "source_ticker": "UUUU",
      "latest": {
        "open": 20.139999,
        "high": 20.540001,
        "low": 18.68,
        "close": 18.748699,
        "volume": 7566838.0
      },
      "indicators": {
        "sma20": 21.036935,
        "sma50": 21.235974,
        "rsi14": 42.268681,
        "macd": {
          "macd": -0.489755,
          "signal": -0.16375,
          "hist": -0.326005
        },
        "atr14": 1.960373
      },
      "samples": 252
    },
    "GOOG": {
      "ok": true,
      "source_ticker": "GOOG",
      "latest": {
        "open": 307.0,
        "high": 307.23999,
        "low": 299.78009,
        "close": 301.359985,
        "volume": 10761307.0
      },
      "indicators": {
        "sma20": 306.198499,
        "sma50": 319.209599,
        "rsi14": 40.16772,
        "macd": {
          "macd": -4.312513,
          "signal": -4.537875,
          "hist": 0.225362
        },
        "atr14": 7.95715
      },
      "samples": 252
    },
    "LITE": {
      "ok": true,
      "source_ticker": "LITE",
      "latest": {
        "open": 634.5,
        "high": 639.559998,
        "low": 611.150024,
        "close": 630.150024,
        "volume": 2920275.0
      },
      "indicators": {
        "sma20": 656.190002,
        "sma50": 507.530602,
        "rsi14": 52.505335,
        "macd": {
          "macd": 35.582578,
          "signal": 51.709851,
          "hist": -16.127274
        },
        "atr14": 58.92775
      },
      "samples": 252
    },
    "COHR": {
      "ok": true,
      "source_ticker": "COHR",
      "latest": {
        "open": 248.380005,
        "high": 251.660004,
        "low": 241.210007,
        "close": 245.25,
        "volume": 2912085.0
      },
      "indicators": {
        "sma20": 250.875999,
        "sma50": 222.6344,
        "rsi14": 50.802272,
        "macd": {
          "macd": 7.922099,
          "signal": 11.817805,
          "hist": -3.895707
        },
        "atr14": 20.368159
      },
      "samples": 252
    }
  }
}
