{
  "generated_at": "2026-03-18T22:20:37.672783+00:00",
  "source": "yahoo_chart_v8",
  "count": 15,
  "signals": {
    "AAPL": {
      "ok": true,
      "source_ticker": "AAPL",
      "latest": {
        "open": 252.625,
        "high": 254.940002,
        "low": 249.0,
        "close": 249.940002,
        "volume": 34652568.0
      },
      "indicators": {
        "sma20": 261.398499,
        "sma50": 261.644799,
        "rsi14": 36.665298,
        "macd": {
          "macd": -3.5261,
          "signal": -2.172903,
          "hist": -1.353196
        },
        "atr14": 5.779581
      },
      "samples": 251
    },
    "AVGO": {
      "ok": true,
      "source_ticker": "AVGO",
      "latest": {
        "open": 320.600006,
        "high": 325.440002,
        "low": 315.549988,
        "close": 315.929993,
        "volume": 22971289.0
      },
      "indicators": {
        "sma20": 327.982999,
        "sma50": 331.562399,
        "rsi14": 41.253713,
        "macd": {
          "macd": -2.071004,
          "signal": -1.109217,
          "hist": -0.961787
        },
        "atr14": 13.412187
      },
      "samples": 251
    },
    "BBAI": {
      "ok": true,
      "source_ticker": "BBAI",
      "latest": {
        "open": 3.95,
        "high": 3.9699,
        "low": 3.8,
        "close": 3.8,
        "volume": 29613197.0
      },
      "indicators": {
        "sma20": 3.9905,
        "sma50": 4.8096,
        "rsi14": 39.116786,
        "macd": {
          "macd": -0.205473,
          "signal": -0.246941,
          "hist": 0.041468
        },
        "atr14": 0.296637
      },
      "samples": 251
    },
    "KTOS": {
      "ok": true,
      "source_ticker": "KTOS",
      "latest": {
        "open": 94.410004,
        "high": 96.879997,
        "low": 92.660004,
        "close": 93.040001,
        "volume": 2838808.0
      },
      "indicators": {
        "sma20": 90.9925,
        "sma50": 99.5586,
        "rsi14": 51.008274,
        "macd": {
          "macd": -1.229816,
          "signal": -2.039636,
          "hist": 0.80982
        },
        "atr14": 6.523876
      },
      "samples": 251
    },
    "NVDA": {
      "ok": true,
      "source_ticker": "NVDA",
      "latest": {
        "open": 182.490005,
        "high": 183.380005,
        "low": 180.330002,
        "close": 180.399994,
        "volume": 154378417.0
      },
      "indicators": {
        "sma20": 184.443999,
        "sma50": 185.1022,
        "rsi14": 45.619314,
        "macd": {
          "macd": -1.12439,
          "signal": -0.858641,
          "hist": -0.26575
        },
        "atr14": 5.774586
      },
      "samples": 251
    },
    "ONDS": {
      "ok": true,
      "source_ticker": "ONDS",
      "latest": {
        "open": 11.398,
        "high": 11.76,
        "low": 10.82,
        "close": 10.83,
        "volume": 77959128.0
      },
      "indicators": {
        "sma20": 10.3525,
        "sma50": 11.034,
        "rsi14": 53.525666,
        "macd": {
          "macd": 0.039408,
          "signal": -0.077217,
          "hist": 0.116624
        },
        "atr14": 1.084534
      },
      "samples": 251
    },
    "PLTR": {
      "ok": true,
      "source_ticker": "PLTR",
      "latest": {
        "open": 154.824997,
        "high": 156.690002,
        "low": 152.610001,
        "close": 152.770004,
        "volume": 32322026.0
      },
      "indicators": {
        "sma20": 145.824501,
        "sma50": 152.669801,
        "rsi14": 54.344297,
        "macd": {
          "macd": 1.710101,
          "signal": 0.210454,
          "hist": 1.499647
        },
        "atr14": 6.391057
      },
      "samples": 251
    },
    "RDW": {
      "ok": true,
      "source_ticker": "RDW",
      "latest": {
        "open": 9.88,
        "high": 10.07,
        "low": 9.545,
        "close": 9.55,
        "volume": 12011778.0
      },
      "indicators": {
        "sma20": 9.1185,
        "sma50": 9.9732,
        "rsi14": 51.379382,
        "macd": {
          "macd": 0.065649,
          "signal": -0.055843,
          "hist": 0.121492
        },
        "atr14": 0.883171
      },
      "samples": 251
    },
    "RKLB": {
      "ok": true,
      "source_ticker": "RKLB",
      "latest": {
        "open": 76.040001,
        "high": 76.879997,
        "low": 69.400002,
        "close": 69.480003,
        "volume": 33015417.0
      },
      "indicators": {
        "sma20": 71.061,
        "sma50": 77.013601,
        "rsi14": 47.010941,
        "macd": {
          "macd": -0.658698,
          "signal": -1.152923,
          "hist": 0.494226
        },
        "atr14": 5.75708
      },
      "samples": 251
    },
    "TSLA": {
      "ok": true,
      "source_ticker": "TSLA",
      "latest": {
        "open": 399.0,
        "high": 403.065002,
        "low": 392.309998,
        "close": 392.779999,
        "volume": 49612648.0
      },
      "indicators": {
        "sma20": 402.237999,
        "sma50": 417.607399,
        "rsi14": 41.96606,
        "macd": {
          "macd": -6.599166,
          "signal": -6.840566,
          "hist": 0.2414
        },
        "atr14": 13.18411
      },
      "samples": 251
    },
    "TSM": {
      "ok": true,
      "source_ticker": "TSM",
      "latest": {
        "open": 345.774994,
        "high": 347.950012,
        "low": 339.334991,
        "close": 339.570007,
        "volume": 12511381.0
      },
      "indicators": {
        "sma20": 357.471002,
        "sma50": 346.9008,
        "rsi14": 44.034871,
        "macd": {
          "macd": -2.724737,
          "signal": 0.580082,
          "hist": -3.304819
        },
        "atr14": 12.240198
      },
      "samples": 251
    },
    "UUUU": {
      "ok": true,
      "source_ticker": "UUUU",
      "latest": {
        "open": 18.84,
        "high": 19.184999,
        "low": 18.27,
        "close": 18.709999,
        "volume": 11102302.0
      },
      "indicators": {
        "sma20": 20.765,
        "sma50": 21.386,
        "rsi14": 42.593564,
        "macd": {
          "macd": -0.639548,
          "signal": -0.374598,
          "hist": -0.26495
        },
        "atr14": 1.785119
      },
      "samples": 251
    },
    "GOOG": {
      "ok": true,
      "source_ticker": "GOOG",
      "latest": {
        "open": 307.904999,
        "high": 310.75,
        "low": 305.549408,
        "close": 306.299988,
        "volume": 13753387.0
      },
      "indicators": {
        "sma20": 306.570999,
        "sma50": 318.685399,
        "rsi14": 46.576209,
        "macd": {
          "macd": -3.156839,
          "signal": -4.025302,
          "hist": 0.868463
        },
        "atr14": 7.374752
      },
      "samples": 251
    },
    "LITE": {
      "ok": true,
      "source_ticker": "LITE",
      "latest": {
        "open": 709.150024,
        "high": 743.859985,
        "low": 696.0,
        "close": 700.809998,
        "volume": 9584657.0
      },
      "indicators": {
        "sma20": 666.697003,
        "sma50": 524.646802,
        "rsi14": 59.692178,
        "macd": {
          "macd": 31.560406,
          "signal": 41.321875,
          "hist": -9.76147
        },
        "atr14": 64.34682
      },
      "samples": 251
    },
    "COHR": {
      "ok": true,
      "source_ticker": "COHR",
      "latest": {
        "open": 251.940002,
        "high": 265.799988,
        "low": 251.529999,
        "close": 257.209991,
        "volume": 9615471.0
      },
      "indicators": {
        "sma20": 255.216499,
        "sma50": 226.286999,
        "rsi14": 54.977859,
        "macd": {
          "macd": 6.102126,
          "signal": 9.08035,
          "hist": -2.978224
        },
        "atr14": 20.448504
      },
      "samples": 251
    }
  }
}
